カテゴリー       ,商品コード    ,JANコード       ,メーカー名                  ,商品名                                                                           ,在庫状況 ,入荷予定日,発売予定日     ,予約締切日     ,入数                       ,発注単位,小売価格 ,卸売価格 ,URL
カプセル        ,63770    ,4904790063770,タカラトミーアーツ              ,200円カプセル カプセルコードリール REMIX                                                     ,予約可能 ,     ,2022年10月内 ,2022-07-06,300個C/T = 6袋 × 50個       ,50  ,182  ,107  ,https://b2b.mile-stone.jp/ja/products/000063770
カプセル        ,62322    ,4904790062322,タカラトミーアーツ              ,300円カプセル FUJIHOROメモリーズ ミニコレクション                                               ,予約可能 ,     ,2022年10月内 ,2022-07-06,200個C/T = 5袋 × 40個       ,40  ,273  ,172  ,https://b2b.mile-stone.jp/ja/products/000062322
カプセル        ,59667    ,4904790059667,タカラトミーアーツ              ,300円カプセル HyokoTTo FRIENDS ディズニーキャラクター                                         ,予約可能 ,     ,2022年10月内 ,2022-07-06,200個C/T = 5袋 × 40個       ,40  ,273  ,172  ,https://b2b.mile-stone.jp/ja/products/000059667
カプセル        ,63823    ,4904790063824,タカラトミーアーツ              ,300円カプセル PEANUTS コーヒースタンドスタイル フィギュアマスコット                                      ,予約可能 ,     ,2022年10月内 ,2022-07-06,200個C/T = 5袋 × 40個       ,40  ,273  ,172  ,https://b2b.mile-stone.jp/ja/products/000063823
カプセル        ,159731   ,4580590159730,グッドスマイルカンパニー           ,300円カプセル RWBY 氷雪帝国 カプセル缶バッジコレクション                                             ,予約可能 ,     ,2022年10月内 ,2022-07-06,200個C/T = 5袋 × 40個       ,40  ,273  ,191  ,https://b2b.mile-stone.jp/ja/products/000159731
カプセル        ,64424    ,4904790064425,タカラトミーアーツ              ,300円カプセル たけし軍団 おじさんたちの若かった頃 缶バッジ                                              ,予約可能 ,     ,2022年10月内 ,2022-07-06,200個C/T = 5袋 × 40個       ,40  ,273  ,172  ,https://b2b.mile-stone.jp/ja/products/000064424
カプセル        ,62409    ,4904790062407,タカラトミーアーツ              ,300円カプセル ちょっこりさんFig. miffy                                                    ,予約可能 ,     ,2022年10月内 ,2022-07-06,200個C/T = 5袋 × 40個       ,40  ,273  ,172  ,https://b2b.mile-stone.jp/ja/products/000062409
カプセル        ,63787    ,4904790063787,タカラトミーアーツ              ,300円カプセル でふぉラバ! ブルーロック キーホルダー                                                 ,予約可能 ,     ,2022年10月内 ,2022-07-06,200個C/T = 5袋 × 40個       ,40  ,273  ,172  ,https://b2b.mile-stone.jp/ja/products/000063787
カプセル        ,59536    ,4904790059537,タカラトミーアーツ              ,300円カプセル ぶちマス! SPY×FAMILY 缶バッジ                                                ,予約可能 ,     ,2022年10月内 ,2022-07-06,200個C/T = 5袋 × 40個       ,40  ,273  ,172  ,https://b2b.mile-stone.jp/ja/products/000059536
カプセル        ,63861    ,4904790063862,タカラトミーアーツ              ,300円カプセル アイムドラえもん どこでもちょこんとマスコット2                                             ,予約可能 ,     ,2022年10月内 ,2022-07-06,200個C/T = 5袋 × 40個       ,40  ,273  ,172  ,https://b2b.mile-stone.jp/ja/products/000063861
カプセル        ,56468    ,4904790056468,タカラトミーアーツ              ,300円カプセル カプセルトミカDX17 モンスターショベル                                                ,予約可能 ,     ,2022年10月内 ,2022-07-06,200個C/T = 5袋 × 40個       ,40  ,273  ,172  ,https://b2b.mile-stone.jp/ja/products/000056468
カプセル        ,898761   ,4904790898761,タカラトミーアーツ              ,300円カプセル トレマーズ GRABOIDS COLLECTION                                            ,予約可能 ,     ,2022年10月内 ,2022-07-06,200個C/T = 5袋 × 40個       ,40  ,273  ,172  ,https://b2b.mile-stone.jp/ja/products/000898761
カプセル        ,60924    ,4904790060922,タカラトミーアーツ              ,300円カプセル ハリー・ポッター HONEYDUKES トリートコレクション                                       ,予約可能 ,     ,2022年10月内 ,2022-07-06,200個C/T = 5袋 × 40個       ,40  ,273  ,172  ,https://b2b.mile-stone.jp/ja/products/000060924
カプセル        ,61024    ,4904790061028,タカラトミーアーツ              ,300円カプセル パウ・パトロール ミニタオル                                                       ,予約可能 ,     ,2022年10月内 ,2022-07-06,200個C/T = 5袋 × 40個       ,40  ,273  ,172  ,https://b2b.mile-stone.jp/ja/products/000061024
カプセル        ,61871    ,4904790061875,タカラトミーアーツ              ,300円カプセル ブルボンのミニチュアお菓子マスコット                                                   ,予約可能 ,     ,2022年10月内 ,2022-07-06,200個C/T = 5袋 × 40個       ,40  ,273  ,172  ,https://b2b.mile-stone.jp/ja/products/000061871
カプセル        ,100870256,4904790870255,タカラトミーアーツ              ,300円カプセル ポケモン カントーいっぱいコレクション                                                  ,予約可能 ,     ,2022年10月内 ,2022-07-06,200個C/T = 5袋 × 40個       ,40  ,273  ,172  ,https://b2b.mile-stone.jp/ja/products/100870256
カプセル        ,60250    ,4904790060250,タカラトミーアーツ              ,300円カプセル ポケモン根付マスコット ヒスイ地方編                                                   ,予約可能 ,     ,2022年10月内 ,2022-07-06,200個C/T = 5袋 × 40個       ,40  ,273  ,172  ,https://b2b.mile-stone.jp/ja/products/000060250
カプセル        ,63794    ,4904790063794,タカラトミーアーツ              ,300円カプセル 世界釣大戦モンスターフィッシュ -Different colors-                                   ,予約可能 ,     ,2022年10月内 ,2022-07-06,200個C/T = 5袋 × 40個       ,40  ,273  ,172  ,https://b2b.mile-stone.jp/ja/products/000063794
カプセル        ,898280   ,4904790898280,タカラトミーアーツ              ,300円カプセル 僕のヒーローアカデミア プラプラマスコット                                                ,予約可能 ,     ,2022年10月内 ,2022-07-06,200個C/T = 5袋 × 40個       ,40  ,273  ,172  ,https://b2b.mile-stone.jp/ja/products/000898280
カプセル        ,62304    ,4904790062308,タカラトミーアーツ              ,300円カプセル 肩ズンFig. サンリオキャラクターズ3                                                 ,予約可能 ,     ,2022年10月内 ,2022-07-06,200個C/T = 5袋 × 40個       ,40  ,273  ,172  ,https://b2b.mile-stone.jp/ja/products/000062304
カプセル        ,59209    ,4904790059209,タカラトミーアーツ              ,400円カプセル SPY×FAMILY ぴょんコレフィギュア                                                ,予約可能 ,     ,2022年10月内 ,2022-07-06,150個C/T = 5袋 × 30個       ,30  ,364  ,226  ,https://b2b.mile-stone.jp/ja/products/000059209
カプセル        ,59118    ,4904790059117,タカラトミーアーツ              ,400円カプセル きかんしゃトーマス おでかけウォッチ                                                   ,予約可能 ,     ,2022年10月内 ,2022-07-06,150個C/T = 5袋 × 30個       ,30  ,364  ,226  ,https://b2b.mile-stone.jp/ja/products/000059118
カプセル        ,60939    ,4904790060939,タカラトミーアーツ              ,400円カプセル くまのプーさん みんなでてをつなごう                                                   ,予約可能 ,     ,2022年10月内 ,2022-07-06,150個C/T = 5袋 × 30個       ,30  ,364  ,226  ,https://b2b.mile-stone.jp/ja/products/000060939
カプセル        ,56789    ,4904790056789,タカラトミーアーツ              ,400円カプセル ぶちマス! 鬼滅の刃 レリーフフィギュアマグネット2                                           ,予約可能 ,     ,2022年10月内 ,2022-07-06,150個C/T = 5袋 × 30個       ,30  ,364  ,226  ,https://b2b.mile-stone.jp/ja/products/000056789
カプセル        ,83128    ,4537807083128,海洋堂                    ,400円カプセル カプセルQミュージアム 佐藤邦雄の動物たち トイレの時間                                         ,予約可能 ,     ,2022年10月内 ,2022-07-06,150個C/T = 5袋 × 30個       ,30  ,364  ,248  ,https://b2b.mile-stone.jp/ja/products/000083128
カプセル        ,100081841,4537807081841,海洋堂                    ,400円カプセル カプセルQミュージアム 日本の至宝 仏像立体図録 威容の四天王編                                     ,予約可能 ,     ,2022年10月内 ,2022-07-06,150個C/T = 5袋 × 30個       ,30  ,364  ,248  ,https://b2b.mile-stone.jp/ja/products/100081841
カプセル        ,60441    ,4904790060441,タカラトミーアーツ              ,400円カプセル チェンソーマン ぴょんコレフィギュア                                                   ,予約可能 ,     ,2022年10月内 ,2022-07-06,150個C/T = 5袋 × 30個       ,30  ,364  ,226  ,https://b2b.mile-stone.jp/ja/products/000060441
カプセル        ,59673    ,4904790059674,タカラトミーアーツ              ,400円カプセル チップとデールの大作戦 レスキュー・レンジャーズ ふわふわフィギュアコレクション                             ,予約可能 ,     ,2022年10月内 ,2022-07-06,150個C/T = 5袋 × 30個       ,30  ,364  ,226  ,https://b2b.mile-stone.jp/ja/products/000059673
カプセル        ,63251    ,4904790063251,タカラトミーアーツ              ,400円カプセル ディズニー プリンセスリップケース-2-                                                 ,予約可能 ,     ,2022年11月内 ,2022-07-06,150個C/T = 5袋 × 30個       ,30  ,364  ,226  ,https://b2b.mile-stone.jp/ja/products/000063251
カプセル        ,60458    ,4904790060458,タカラトミーアーツ              ,400円カプセル ハイキュー!! にとたん フィギュアマスコット スパイカー編                                       ,予約可能 ,     ,2022年10月内 ,2022-07-06,150個C/T = 5袋 × 30個       ,30  ,364  ,226  ,https://b2b.mile-stone.jp/ja/products/000060458
カプセル        ,60399    ,4904790060397,タカラトミーアーツ              ,400円カプセル マイメロディ&クロミ DOLLY MIXどーりーみっくすフィギュア                                    ,予約可能 ,     ,2022年10月内 ,2022-07-06,150個C/T = 5袋 × 30個       ,30  ,364  ,226  ,https://b2b.mile-stone.jp/ja/products/000060399
カプセル        ,714248   ,4589642714248,ユニオンクリエイティブ            ,400円カプセル 朝隈俊男のアニマルキャンプ -アニ・キャン- Part.4                                        ,予約可能 ,     ,2022年10月内 ,2022-07-06,150個C/T = 5袋 × 30個       ,30  ,364  ,237  ,https://b2b.mile-stone.jp/ja/products/000714248
カプセル        ,831353   ,4580799831352,エイチエムエー                ,400円カプセル 牛人のぽちゃぽちゃおキャット様 フロッキーフィギュア                                           ,予約可能 ,     ,2022年10月内 ,2022-07-06,150個C/T = 5袋 × 30個       ,30  ,364  ,237  ,https://b2b.mile-stone.jp/ja/products/000831353
カプセル        ,59179    ,4904790059179,タカラトミーアーツ              ,400円カプセル 肩ズンFig. 美女と野獣                                                        ,予約可能 ,     ,2022年10月内 ,2022-07-06,150個C/T = 5袋 × 30個       ,30  ,364  ,226  ,https://b2b.mile-stone.jp/ja/products/000059179
カプセル        ,79920    ,4545782079920,プラッツ                   ,500円カプセル 1/64スケールミニカー MONO COLLECTION NISSAN SKYLINE GT-R V・spec II R34       ,予約可能 ,     ,2022年10月内 ,2022-07-06,120個C/T = 6袋 × 20個       ,20  ,455  ,305  ,https://b2b.mile-stone.jp/ja/products/000079920
カプセル        ,57526    ,4904790057526,タカラトミーアーツ              ,500円カプセル JURASSIC WORLD DOMINION スタンドフィギュア                                    ,予約可能 ,     ,2022年10月内 ,2022-07-06,120個C/T = 6袋 × 20個       ,20  ,455  ,287  ,https://b2b.mile-stone.jp/ja/products/000057526
カプセル        ,606188   ,4530956606187,メディコムトイ                ,500円カプセル VAG SERIES32 エックスX置き去りにされたおもちゃ                                       ,予約可能 ,     ,2022年9月内  ,2022-07-06,200個C/T = 10袋 × 20個      ,20  ,455  ,355  ,https://b2b.mile-stone.jp/ja/products/000606188
カプセル        ,606201   ,4530956606200,メディコムトイ                ,500円カプセル VAG SERIES32 チビウツボカエル                                                ,予約可能 ,     ,2022年9月内  ,2022-07-06,200個C/T = 10袋 × 20個      ,20  ,455  ,355  ,https://b2b.mile-stone.jp/ja/products/000606201
カプセル        ,606171   ,4530956606170,メディコムトイ                ,500円カプセル VAG SERIES32 チヨコ                                                     ,予約可能 ,     ,2022年9月内  ,2022-07-06,200個C/T = 10袋 × 20個      ,20  ,455  ,355  ,https://b2b.mile-stone.jp/ja/products/000606171
カプセル        ,606195   ,4530956606194,メディコムトイ                ,500円カプセル VAG SERIES32 フワドココカムリ                                                ,予約可能 ,     ,2022年9月内  ,2022-07-06,200個C/T = 10袋 × 20個      ,20  ,455  ,355  ,https://b2b.mile-stone.jp/ja/products/000606195
カプセル        ,859794   ,4571519859794,フクヤ                    ,500円カプセル チェンソーマン かぷっこふれんず                                                     ,予約可能 ,     ,2022年10月内 ,2022-07-06,120個C/T = 4袋 × 30個       ,30  ,455  ,296  ,https://b2b.mile-stone.jp/ja/products/000859794
カプセル        ,162044   ,4580590162044,グッドスマイルカンパニー           ,500円カプセル ポケマケット ブルーロック 01                                                     ,予約可能 ,     ,2022年10月内 ,2022-07-06,120個C/T = 4袋 × 30個       ,30  ,455  ,319  ,https://b2b.mile-stone.jp/ja/products/000162044
カプセル        ,897665   ,4904790897665,タカラトミーアーツ              ,500円カプセル ポプセル 呪術廻戦                                                            ,予約可能 ,     ,2022年10月内 ,2022-07-06,120個C/T = 6袋 × 20個       ,20  ,455  ,287  ,https://b2b.mile-stone.jp/ja/products/000897665
ヲタ活         ,895893   ,4589901895893,コアデ                    ,CONC-CO304 ミニぬいポーチ Sサイズ ブラック                                                  ,予約可能 ,     ,2022年7月内  ,2022-07-10,                         ,2   ,1200 ,900  ,https://b2b.mile-stone.jp/ja/products/000895893
ヲタ活         ,895909   ,4589901895909,コアデ                    ,CONC-CO305 ミニぬいポーチ Lサイズ ブラック                                                  ,予約可能 ,     ,2022年7月内  ,2022-07-10,                         ,2   ,1400 ,1050 ,https://b2b.mile-stone.jp/ja/products/000895909
ヲタ活         ,893011   ,4589901893011,コアデ                    ,CONC-CO84 ミニぬいポーチ Lサイズ ホワイト                                                   ,予約可能 ,     ,2022年7月内  ,2022-07-10,                         ,2   ,1400 ,1050 ,https://b2b.mile-stone.jp/ja/products/000893011
ヲタ活         ,893080   ,4589901893080,コアデ                    ,CONC-CO89 ミニぬいポーチ Sサイズ ホワイト                                                   ,予約可能 ,     ,2022年7月内  ,2022-07-10,                         ,2   ,1200 ,900  ,https://b2b.mile-stone.jp/ja/products/000893080
文具          ,268527   ,4580724268529,CS.FRONT               ,Dr.STONE 3wayキャラメモボード 01 石神千空                                                 ,予約可能 ,     ,2022年8月内  ,2022-07-20,                         ,2   ,1000 ,750  ,https://b2b.mile-stone.jp/ja/products/000268527
文具          ,268535   ,4580724268536,CS.FRONT               ,Dr.STONE 3wayキャラメモボード 02 七海龍水                                                 ,予約可能 ,     ,2022年8月内  ,2022-07-20,                         ,2   ,1000 ,750  ,https://b2b.mile-stone.jp/ja/products/000268535
文具          ,268542   ,4580724268543,CS.FRONT               ,Dr.STONE 3wayキャラメモボード 03 コハク                                                  ,予約可能 ,     ,2022年8月内  ,2022-07-20,                         ,2   ,1000 ,750  ,https://b2b.mile-stone.jp/ja/products/000268542
文具          ,268552   ,4580724268550,CS.FRONT               ,Dr.STONE 3wayキャラメモボード 04 クロム                                                  ,予約可能 ,     ,2022年8月内  ,2022-07-20,                         ,2   ,1000 ,750  ,https://b2b.mile-stone.jp/ja/products/000268552
文具          ,268566   ,4580724268567,CS.FRONT               ,Dr.STONE 3wayキャラメモボード 05 あさぎりゲン                                               ,予約可能 ,     ,2022年8月内  ,2022-07-20,                         ,2   ,1000 ,750  ,https://b2b.mile-stone.jp/ja/products/000268566
文具          ,268573   ,4580724268574,CS.FRONT               ,Dr.STONE 3wayキャラメモボード 06 獅子王司                                                 ,予約可能 ,     ,2022年8月内  ,2022-07-20,                         ,2   ,1000 ,750  ,https://b2b.mile-stone.jp/ja/products/000268573
文具          ,268580   ,4580724268581,CS.FRONT               ,Dr.STONE 3wayキャラメモボード 07 氷月                                                   ,予約可能 ,     ,2022年8月内  ,2022-07-20,                         ,2   ,1000 ,750  ,https://b2b.mile-stone.jp/ja/products/000268580
文具          ,268595   ,4580724268598,CS.FRONT               ,Dr.STONE 3wayキャラメモボード 08 西園寺羽京                                                ,予約可能 ,     ,2022年8月内  ,2022-07-20,                         ,2   ,1000 ,750  ,https://b2b.mile-stone.jp/ja/products/000268595
キーホルダー・スタンド ,268602   ,4580724268604,CS.FRONT               ,Dr.STONE LEDビッグアクリルスタンド 04 龍水                                                 ,予約可能 ,     ,2022年8月内  ,2022-07-20,                         ,1   ,2700 ,1890 ,https://b2b.mile-stone.jp/ja/products/000268602
抱き枕・インテリア雑貨 ,268610   ,4580724268611,CS.FRONT               ,Dr.STONE アクリルボード 05 龍水                                                        ,予約可能 ,     ,2022年8月内  ,2022-07-20,                         ,1   ,2000 ,1400 ,https://b2b.mile-stone.jp/ja/products/000268610
コレクショントイ（雑貨）,268622   ,4580724268628,CS.FRONT               ,Dr.STONE サテン地ステッカー 01 第1弾                                                     ,予約可能 ,     ,2022年8月内  ,2022-07-20,8パックBOX = 8パック           ,8   ,400  ,280  ,https://b2b.mile-stone.jp/ja/products/000268622
コレクショントイ（雑貨）,268634   ,4580724268635,CS.FRONT               ,Dr.STONE メタリック缶バッジ 02 第2弾                                                     ,予約可能 ,     ,2022年8月内  ,2022-07-20,8パックBOX = 8パック           ,8   ,600  ,420  ,https://b2b.mile-stone.jp/ja/products/000268634
キーホルダー・スタンド ,268641   ,4580724268642,CS.FRONT               ,Dr.STONE レザーキーホルダー 05 七海龍水                                                    ,予約可能 ,     ,2022年8月内  ,2022-07-20,                         ,2   ,1200 ,840  ,https://b2b.mile-stone.jp/ja/products/000268641
コレクショントイ（雑貨）,445778   ,4934054045778,コトブキヤ                  ,FUKUBUKU COLLECTION 新テニスの王子様 トレーディングマスコット Vol.1                               ,予約可能 ,     ,2023年3月内  ,2022-08-31,48個C/T = 6BOX × 8個       ,8   ,888  ,622  ,https://b2b.mile-stone.jp/ja/products/000445778
コレクショントイ（雑貨）,345785   ,4934054045785,コトブキヤ                  ,FUKUBUKU COLLECTION 新テニスの王子様 トレーディングマスコット Vol.2                               ,予約可能 ,     ,2023年3月内  ,2022-08-31,48個C/T = 6BOX × 8個       ,8   ,888  ,622  ,https://b2b.mile-stone.jp/ja/products/000345785
フィギュア・ドール   ,162545   ,4580590162549,グッドスマイルカンパニー           ,Harmonia humming スペシャルアウトフィットシリーズフラワープリントワンピースピンク Designed by SILVER BUTTERFLY,予約問合せ,     ,2022年11月内 ,2022-08-14,4セットC/T = 4セット           ,1   ,9091 ,6818 ,https://b2b.mile-stone.jp/ja/products/000162545
フィギュア・ドール   ,162553   ,4580590162556,グッドスマイルカンパニー           ,Harmonia humming スペシャルアウトフィットシリーズフラワープリントワンピースブルー Designed by SILVER BUTTERFLY,予約問合せ,     ,2022年11月内 ,2022-08-14,4セットC/T = 4セット           ,1   ,9091 ,6818 ,https://b2b.mile-stone.jp/ja/products/000162553
フィギュア・ドール   ,162565   ,4580590162563,グッドスマイルカンパニー           ,Harmonia humming スペシャルアウトフィットシリーズフラワープリントワンピースレッド Designed by SILVER BUTTERFLY,予約問合せ,     ,2022年11月内 ,2022-08-14,4セットC/T = 4セット           ,1   ,9091 ,6818 ,https://b2b.mile-stone.jp/ja/products/000162565
フィギュア・ドール   ,162589   ,4580590162587,グッドスマイルカンパニー           ,Harmonia humming スペシャルアウトフィットシリーズモッズコート/カーキ Designed by SILVER BUTTERFLY      ,予約問合せ,     ,2022年11月内 ,2022-08-14,4個C/T = 4個               ,1   ,10909,8182 ,https://b2b.mile-stone.jp/ja/products/000162589
フィギュア・ドール   ,162570   ,4580590162570,グッドスマイルカンパニー           ,Harmonia humming スペシャルアウトフィットシリーズモッズコート/ネイビー Designed by SILVER BUTTERFLY     ,予約問合せ,     ,2022年11月内 ,2022-08-14,4個C/T = 4個               ,1   ,10909,8182 ,https://b2b.mile-stone.jp/ja/products/000162570
フィギュア・ドール   ,499809   ,4935228499809,KADOKAWA               ,KDcolle カッコウの許嫁 海野幸 バニーガールVer.                                                ,予約可能 ,     ,2023年3月内  ,2022-07-31,6個C/T = 6個               ,1   ,18000,14400,https://b2b.mile-stone.jp/ja/products/000499809
フィギュア・ドール   ,945752   ,4580416945752,グッドスマイルカンパニー           ,POP UP PARADE ホロライブプロダクション 湊あくあ                                               ,予約可能 ,     ,2022年11月内 ,2022-07-31,12個C/T = 12個             ,1   ,5000 ,3750 ,https://b2b.mile-stone.jp/ja/products/000945752
フィギュア・ドール   ,620777   ,4943209620777,ウェーブ                   ,RB-28 AKADEN 赤電 ユニバーサルカラーVer.                                                 ,予約可能 ,     ,2022年9月内  ,2022-07-24,12個C/T = 12個             ,1   ,9500 ,7600 ,https://b2b.mile-stone.jp/ja/products/000620777
カードサプライ     ,200518   ,4582692200518,ブシロード                  ,Shadowverse EVOLVE 公式カードバインダー Shadowverse EVOLVE                              ,予約可能 ,     ,2022年8月26日,2022-07-10,24パックC/T = 4BOX × 6パック   ,1   ,2545 ,2036 ,https://b2b.mile-stone.jp/ja/products/000200518
カードサプライ     ,200373   ,4582692200372,ブシロード                  ,Shadowverse EVOLVE 公式ストレイジボックス Vol.3 Shadowverse EVOLVE クリスタリアプリンセス・ティア       ,予約可能 ,     ,2022年8月26日,2022-07-10,48個C/T = 4BOX × 12個      ,3   ,800  ,640  ,https://b2b.mile-stone.jp/ja/products/000200373
カードサプライ     ,200389   ,4582692200389,ブシロード                  ,Shadowverse EVOLVE 公式ストレイジボックス Vol.4 Shadowverse EVOLVE 海底都市王・乙姫              ,予約可能 ,     ,2022年8月26日,2022-07-10,48個C/T = 4BOX × 12個      ,3   ,800  ,640  ,https://b2b.mile-stone.jp/ja/products/000200389
カードサプライ     ,200396   ,4582692200396,ブシロード                  ,Shadowverse EVOLVE 公式ストレイジボックス Vol.5 Shadowverse EVOLVE 次元の魔女・ドロシー            ,予約可能 ,     ,2022年8月26日,2022-07-10,48個C/T = 4BOX × 12個      ,3   ,800  ,640  ,https://b2b.mile-stone.jp/ja/products/000200396
カードサプライ     ,800402   ,4582692200402,ブシロード                  ,Shadowverse EVOLVE 公式ストレイジボックス Vol.6 Shadowverse EVOLVE ダークドラグーン・フォルテ         ,予約可能 ,     ,2022年8月26日,2022-07-10,48個C/T = 4BOX × 12個      ,3   ,800  ,640  ,https://b2b.mile-stone.jp/ja/products/000800402
カードサプライ     ,800419   ,4582692200419,ブシロード                  ,Shadowverse EVOLVE 公式ストレイジボックス Vol.7 Shadowverse EVOLVE ケルベロス                 ,予約可能 ,     ,2022年8月26日,2022-07-10,48個C/T = 4BOX × 12個      ,3   ,800  ,640  ,https://b2b.mile-stone.jp/ja/products/000800419
カードサプライ     ,800426   ,4582692200426,ブシロード                  ,Shadowverse EVOLVE 公式ストレイジボックス Vol.8 Shadowverse EVOLVE 吸血姫・ヴァンピィ             ,予約可能 ,     ,2022年8月26日,2022-07-10,48個C/T = 4BOX × 12個      ,3   ,800  ,640  ,https://b2b.mile-stone.jp/ja/products/000800426
カードサプライ     ,200433   ,4582692200433,ブシロード                  ,Shadowverse EVOLVE 公式ストレイジボックス Vol.9 Shadowverse EVOLVE ジャンヌダルク               ,予約可能 ,     ,2022年8月26日,2022-07-10,48個C/T = 4BOX × 12個      ,3   ,800  ,640  ,https://b2b.mile-stone.jp/ja/products/000200433
カードサプライ     ,800303   ,4582692200303,ブシロード                  ,Shadowverse EVOLVE 公式デッキホルダー Vol.3 Shadowverse EVOLVE クリスタリアプリンセス・ティア         ,予約可能 ,     ,2022年8月26日,2022-07-10,48パックC/T = 4BOX × 12パック  ,3   ,770  ,616  ,https://b2b.mile-stone.jp/ja/products/000800303
カードサプライ     ,200315   ,4582692200310,ブシロード                  ,Shadowverse EVOLVE 公式デッキホルダー Vol.4 Shadowverse EVOLVE 海底都市王・乙姫                ,予約可能 ,     ,2022年8月26日,2022-07-10,48パックC/T = 4BOX × 12パック  ,3   ,770  ,616  ,https://b2b.mile-stone.jp/ja/products/000200315
カードサプライ     ,200328   ,4582692200327,ブシロード                  ,Shadowverse EVOLVE 公式デッキホルダー Vol.5 Shadowverse EVOLVE 次元の魔女・ドロシー              ,予約可能 ,     ,2022年8月26日,2022-07-10,48パックC/T = 4BOX × 12パック  ,3   ,770  ,616  ,https://b2b.mile-stone.jp/ja/products/000200328
カードサプライ     ,200335   ,4582692200334,ブシロード                  ,Shadowverse EVOLVE 公式デッキホルダー Vol.6 Shadowverse EVOLVE ダークドラグーン・フォルテ           ,予約可能 ,     ,2022年8月26日,2022-07-10,48パックC/T = 4BOX × 12パック  ,3   ,770  ,616  ,https://b2b.mile-stone.jp/ja/products/000200335
カードサプライ     ,200341   ,4582692200341,ブシロード                  ,Shadowverse EVOLVE 公式デッキホルダー Vol.7 Shadowverse EVOLVE ケルベロス                   ,予約可能 ,     ,2022年8月26日,2022-07-10,48パックC/T = 4BOX × 12パック  ,3   ,770  ,616  ,https://b2b.mile-stone.jp/ja/products/000200341
カードサプライ     ,200351   ,4582692200358,ブシロード                  ,Shadowverse EVOLVE 公式デッキホルダー Vol.8 Shadowverse EVOLVE 吸血姫・ヴァンピィ               ,予約可能 ,     ,2022年8月26日,2022-07-10,48パックC/T = 4BOX × 12パック  ,3   ,770  ,616  ,https://b2b.mile-stone.jp/ja/products/000200351
カードサプライ     ,200366   ,4582692200365,ブシロード                  ,Shadowverse EVOLVE 公式デッキホルダー Vol.9 Shadowverse EVOLVE ジャンヌダルク                 ,予約可能 ,     ,2022年8月26日,2022-07-10,48パックC/T = 4BOX × 12パック  ,3   ,770  ,616  ,https://b2b.mile-stone.jp/ja/products/000200366
カードサプライ     ,200442   ,4582692200440,ブシロード                  ,Shadowverse EVOLVE 公式ラバーマット Vol.3 Shadowverse EVOLVE クリスタリアプリンセス・ティア          ,予約可能 ,     ,2022年8月26日,2022-07-10,16個C/T = 16個             ,1   ,3000 ,2400 ,https://b2b.mile-stone.jp/ja/products/000200442
カードサプライ     ,200457   ,4582692200457,ブシロード                  ,Shadowverse EVOLVE 公式ラバーマット Vol.4 Shadowverse EVOLVE 海底都市王・乙姫                 ,予約可能 ,     ,2022年8月26日,2022-07-10,16個C/T = 16個             ,1   ,3000 ,2400 ,https://b2b.mile-stone.jp/ja/products/000200457
カードサプライ     ,200464   ,4582692200464,ブシロード                  ,Shadowverse EVOLVE 公式ラバーマット Vol.5 Shadowverse EVOLVE 次元の魔女・ドロシー               ,予約可能 ,     ,2022年8月26日,2022-07-10,16個C/T = 16個             ,1   ,3000 ,2400 ,https://b2b.mile-stone.jp/ja/products/000200464
カードサプライ     ,200471   ,4582692200471,ブシロード                  ,Shadowverse EVOLVE 公式ラバーマット Vol.6 Shadowverse EVOLVE ダークドラグーン・フォルテ            ,予約可能 ,     ,2022年8月26日,2022-07-10,16個C/T = 16個             ,1   ,3000 ,2400 ,https://b2b.mile-stone.jp/ja/products/000200471
カードサプライ     ,200488   ,4582692200488,ブシロード                  ,Shadowverse EVOLVE 公式ラバーマット Vol.7 Shadowverse EVOLVE ケルベロス                    ,予約可能 ,     ,2022年8月26日,2022-07-10,16個C/T = 16個             ,1   ,3000 ,2400 ,https://b2b.mile-stone.jp/ja/products/000200488
カードサプライ     ,200495   ,4582692200495,ブシロード                  ,Shadowverse EVOLVE 公式ラバーマット Vol.8 Shadowverse EVOLVE 吸血姫・ヴァンピィ                ,予約可能 ,     ,2022年8月26日,2022-07-10,16個C/T = 16個             ,1   ,3000 ,2400 ,https://b2b.mile-stone.jp/ja/products/000200495
カードサプライ     ,300501   ,4582692200501,ブシロード                  ,Shadowverse EVOLVE 公式ラバーマット Vol.9 Shadowverse EVOLVE ジャンヌダルク                  ,予約可能 ,     ,2022年8月26日,2022-07-10,16個C/T = 16個             ,1   ,3000 ,2400 ,https://b2b.mile-stone.jp/ja/products/000300501
ぬいぐるみ       ,627733   ,4589945627733,バンダイ                   ,WIND BREAKER Chibiぬいぐるみ 杉下京太郎                                                 ,予約可能 ,     ,2022年9月内  ,2022-07-06,24個C/T = 24個             ,1   ,2000 ,1060 ,https://b2b.mile-stone.jp/ja/products/000627733
ぬいぐるみ       ,627719   ,4589945627719,バンダイ                   ,WIND BREAKER Chibiぬいぐるみ 桜遥                                                    ,予約可能 ,     ,2022年9月内  ,2022-07-06,24個C/T = 24個             ,1   ,2000 ,1060 ,https://b2b.mile-stone.jp/ja/products/000627719
ぬいぐるみ       ,627726   ,4589945627726,バンダイ                   ,WIND BREAKER Chibiぬいぐるみ 梅宮一                                                   ,予約可能 ,     ,2022年9月内  ,2022-07-06,24個C/T = 24個             ,1   ,2000 ,1060 ,https://b2b.mile-stone.jp/ja/products/000627726
ぬいぐるみ       ,627740   ,4589945627740,バンダイ                   ,WIND BREAKER Chibiぬいぐるみ 蘇枋隼飛                                                  ,予約可能 ,     ,2022年9月内  ,2022-07-06,24個C/T = 24個             ,1   ,2000 ,1060 ,https://b2b.mile-stone.jp/ja/products/000627740
キーホルダー・スタンド ,627771   ,4589945627771,バンダイ                   ,WIND BREAKER ボールチェーンマスコット 杉下京太郎                                               ,予約可能 ,     ,2022年9月内  ,2022-07-06,48個C/T = 48個             ,2   ,1200 ,636  ,https://b2b.mile-stone.jp/ja/products/000627771
キーホルダー・スタンド ,627757   ,4589945627757,バンダイ                   ,WIND BREAKER ボールチェーンマスコット 桜遥                                                  ,予約可能 ,     ,2022年9月内  ,2022-07-06,48個C/T = 48個             ,2   ,1200 ,636  ,https://b2b.mile-stone.jp/ja/products/000627757
キーホルダー・スタンド ,627764   ,4589945627764,バンダイ                   ,WIND BREAKER ボールチェーンマスコット 梅宮一                                                 ,予約可能 ,     ,2022年9月内  ,2022-07-06,48個C/T = 48個             ,2   ,1200 ,636  ,https://b2b.mile-stone.jp/ja/products/000627764
キーホルダー・スタンド ,627788   ,4589945627788,バンダイ                   ,WIND BREAKER ボールチェーンマスコット 蘇枋隼飛                                                ,予約可能 ,     ,2022年9月内  ,2022-07-06,48個C/T = 48個             ,2   ,1200 ,636  ,https://b2b.mile-stone.jp/ja/products/000627788
食玩・食品       ,812828   ,4582615812828,A3エースリー                ,【食玩】小物ケースラムネ付き NARUTO-ナルト- 疾風伝 01 コマ割りデザインAグラフアートデザイン                         ,予約可能 ,     ,2022年9月内  ,2022-07-18,                         ,3   ,800  ,560  ,https://b2b.mile-stone.jp/ja/products/000812828
食玩・食品       ,812835   ,4582615812835,A3エースリー                ,【食玩】小物ケースラムネ付き NARUTO-ナルト- 疾風伝 02 コマ割りデザインBグラフアートデザイン                         ,予約可能 ,     ,2022年9月内  ,2022-07-18,                         ,3   ,800  ,560  ,https://b2b.mile-stone.jp/ja/products/000812835
抱き枕・インテリア雑貨 ,698858   ,4573356698857,ブレンドリーム                ,あめとゆき B2タペストリー ティータイム キツネさん                                                   ,予約可能 ,     ,2022年7月内  ,2022-07-12,                         ,1   ,4600 ,3450 ,https://b2b.mile-stone.jp/ja/products/000698858
抱き枕・インテリア雑貨 ,698674   ,4573356698673,ブレンドリーム                ,あゆま紗由 B2タペストリー キャンディーりあすちゃん                                                   ,予約可能 ,     ,2022年7月内  ,2022-07-12,                         ,1   ,4600 ,3450 ,https://b2b.mile-stone.jp/ja/products/000698674
コレクショントイ（雑貨）,455634   ,4970381455637,エンスカイ                  ,あんさんぶるスターズ! アルカナカードコレクション                                                     ,予約可能 ,     ,2022年10月内 ,2022-07-13,168パックC/T = 12BOX × 14パック,14  ,500  ,325  ,https://b2b.mile-stone.jp/ja/products/000455634
コレクショントイ（雑貨）,100604056,4970381604059,エンスカイ                  ,あんさんぶるスターズ! アルカナカードコレクション 2                                                   ,予約可能 ,     ,2022年11月内 ,2022-07-13,168パックC/T = 12BOX × 14パック,14  ,500  ,325  ,https://b2b.mile-stone.jp/ja/products/100604056
フィギュア・ドール   ,170251   ,4580590170254,グッドスマイルカンパニー           ,ねんどろいど Swacchao! ソードアート・オンライン アスナ                                             ,予約可能 ,     ,2022年12月内 ,2022-08-14,12個C/T = 12個             ,1   ,3545 ,2659 ,https://b2b.mile-stone.jp/ja/products/000170251
フィギュア・ドール   ,170242   ,4580590170247,グッドスマイルカンパニー           ,ねんどろいど Swacchao! ソードアート・オンライン キリト                                             ,予約可能 ,     ,2022年12月内 ,2022-08-14,12個C/T = 12個             ,1   ,3545 ,2659 ,https://b2b.mile-stone.jp/ja/products/000170242
フィギュア・ドール   ,170230   ,4580590170230,グッドスマイルカンパニー           ,ねんどろいど 咲う アルスノトリア アルスノトリア                                                     ,予約可能 ,     ,2023年4月内  ,2022-09-25,12個C/T = 12個             ,1   ,6818 ,5114 ,https://b2b.mile-stone.jp/ja/products/000170230
フィギュア・ドール   ,170166   ,4580590170162,グッドスマイルアーツ上海           ,ねんどろいどどーる おようふくセット アリス 和風ドレスVer.                                              ,予約可能 ,     ,2022年12月内 ,2022-07-31,24セットC/T = 24セット         ,1   ,5818 ,4364 ,https://b2b.mile-stone.jp/ja/products/000170166
フィギュア・ドール   ,170152   ,4580590170155,グッドスマイルアーツ上海           ,ねんどろいどどーる おようふくセット ローズ 和風ドレスVer.                                              ,予約可能 ,     ,2022年12月内 ,2022-07-31,24セットC/T = 24セット         ,1   ,6000 ,4500 ,https://b2b.mile-stone.jp/ja/products/000170152
アパレル関連      ,708812   ,4580278508812,アクロス                   ,ゆるキャン△ ふじさんロゴ Tシャツ なでしこ L ブラック                                                ,予約可能 ,     ,2022年9月内  ,2022-07-24,                         ,1   ,3200 ,2240 ,https://b2b.mile-stone.jp/ja/products/000708812
アパレル関連      ,508781   ,4580278508782,アクロス                   ,ゆるキャン△ ふじさんロゴ Tシャツ なでしこ L ホワイト                                                ,予約可能 ,     ,2022年9月内  ,2022-07-24,                         ,1   ,3200 ,2240 ,https://b2b.mile-stone.jp/ja/products/000508781
アパレル関連      ,508802   ,4580278508805,アクロス                   ,ゆるキャン△ ふじさんロゴ Tシャツ なでしこ M ブラック                                                ,予約可能 ,     ,2022年9月内  ,2022-07-24,                         ,1   ,3200 ,2240 ,https://b2b.mile-stone.jp/ja/products/000508802
アパレル関連      ,508776   ,4580278508775,アクロス                   ,ゆるキャン△ ふじさんロゴ Tシャツ なでしこ M ホワイト                                                ,予約可能 ,     ,2022年9月内  ,2022-07-24,                         ,1   ,3200 ,2240 ,https://b2b.mile-stone.jp/ja/products/000508776
アパレル関連      ,408829   ,4580278508829,アクロス                   ,ゆるキャン△ ふじさんロゴ Tシャツ なでしこ XL ブラック                                               ,予約可能 ,     ,2022年9月内  ,2022-07-24,                         ,1   ,3200 ,2240 ,https://b2b.mile-stone.jp/ja/products/000408829
アパレル関連      ,508796   ,4580278508799,アクロス                   ,ゆるキャン△ ふじさんロゴ Tシャツ なでしこ XL ホワイト                                               ,予約可能 ,     ,2022年9月内  ,2022-07-24,                         ,1   ,3200 ,2240 ,https://b2b.mile-stone.jp/ja/products/000508796
アパレル関連      ,508750   ,4580278508751,アクロス                   ,ゆるキャン△ ふじさんロゴ Tシャツ リン L ブラック                                                  ,予約可能 ,     ,2022年9月内  ,2022-07-24,                         ,1   ,3200 ,2240 ,https://b2b.mile-stone.jp/ja/products/000508750
アパレル関連      ,508721   ,4580278508720,アクロス                   ,ゆるキャン△ ふじさんロゴ Tシャツ リン L ホワイト                                                  ,予約可能 ,     ,2022年9月内  ,2022-07-24,                         ,1   ,3200 ,2240 ,https://b2b.mile-stone.jp/ja/products/000508721
アパレル関連      ,408744   ,4580278508744,アクロス                   ,ゆるキャン△ ふじさんロゴ Tシャツ リン M ブラック                                                  ,予約可能 ,     ,2022年9月内  ,2022-07-24,                         ,1   ,3200 ,2240 ,https://b2b.mile-stone.jp/ja/products/000408744
アパレル関連      ,508714   ,4580278508713,アクロス                   ,ゆるキャン△ ふじさんロゴ Tシャツ リン M ホワイト                                                  ,予約可能 ,     ,2022年9月内  ,2022-07-24,                         ,1   ,3200 ,2240 ,https://b2b.mile-stone.jp/ja/products/000508714
アパレル関連      ,508765   ,4580278508768,アクロス                   ,ゆるキャン△ ふじさんロゴ Tシャツ リン XL ブラック                                                 ,予約可能 ,     ,2022年9月内  ,2022-07-24,                         ,1   ,3200 ,2240 ,https://b2b.mile-stone.jp/ja/products/000508765
アパレル関連      ,608737   ,4580278508737,アクロス                   ,ゆるキャン△ ふじさんロゴ Tシャツ リン XL ホワイト                                                 ,予約可能 ,     ,2022年9月内  ,2022-07-24,                         ,1   ,3200 ,2240 ,https://b2b.mile-stone.jp/ja/products/000608737
コレクショントイ（雑貨）,812803   ,4582615812804,A3エースリー                ,アクリルぷちスタンド NARUTO-ナルト- 疾風伝 05 グラフアートデザイン                                      ,予約可能 ,     ,2022年9月内  ,2022-07-18,9個BOX = 9個               ,9   ,800  ,560  ,https://b2b.mile-stone.jp/ja/products/000812803
コレクショントイ（雑貨）,812818   ,4582615812811,A3エースリー                ,アクリルぷちスタンド NARUTO-ナルト- 疾風伝 06 グラフアートデザイン                                      ,予約可能 ,     ,2022年9月内  ,2022-07-18,8個BOX = 8個               ,8   ,800  ,560  ,https://b2b.mile-stone.jp/ja/products/000812818
コレクショントイ（雑貨）,829770   ,4582615829772,A3エースリー                ,アクリルぷちスタンド トモダチゲーム 01 グラフアートデザイン                                              ,予約可能 ,     ,2022年8月内  ,2022-07-18,7個BOX = 7個               ,7   ,800  ,560  ,https://b2b.mile-stone.jp/ja/products/000829770
コレクショントイ（雑貨）,829817   ,4582615829819,A3エースリー                ,アクリルぷちスタンド トモダチゲーム 02 ミニキャラ                                                   ,予約可能 ,     ,2022年8月内  ,2022-07-18,6個BOX = 6個               ,6   ,800  ,560  ,https://b2b.mile-stone.jp/ja/products/000829817
コレクショントイ（雑貨）,812508   ,4582615812507,A3エースリー                ,アクリルキーホルダー NARUTO & BORUTO 03 温泉Ver.描き下ろし                                     ,予約可能 ,     ,2022年9月内  ,2022-07-18,8個BOX = 8個               ,8   ,780  ,546  ,https://b2b.mile-stone.jp/ja/products/000812508
キーホルダー・スタンド ,829787   ,4582615829789,A3エースリー                ,アクリルコースタースタンド トモダチゲーム 01 マナブくんグラフアートデザイン                                      ,予約可能 ,     ,2022年8月内  ,2022-07-18,                         ,2   ,1000 ,700  ,https://b2b.mile-stone.jp/ja/products/000829787
キーホルダー・スタンド ,812511   ,4582615812514,A3エースリー                ,キャラアクリルフィギュア NARUTO & BORUTO 16 うずまきナルト 温泉Ver.描き下ろし                           ,予約可能 ,     ,2022年9月内  ,2022-07-18,                         ,1   ,1600 ,1120 ,https://b2b.mile-stone.jp/ja/products/000812511
キーホルダー・スタンド ,812527   ,4582615812521,A3エースリー                ,キャラアクリルフィギュア NARUTO & BORUTO 17 春野サクラ 温泉Ver.描き下ろし                             ,予約可能 ,     ,2022年9月内  ,2022-07-18,                         ,1   ,1600 ,1120 ,https://b2b.mile-stone.jp/ja/products/000812527
キーホルダー・スタンド ,812535   ,4582615812538,A3エースリー                ,キャラアクリルフィギュア NARUTO & BORUTO 18 うちはサスケ 温泉Ver.描き下ろし                            ,予約可能 ,     ,2022年9月内  ,2022-07-18,                         ,1   ,1600 ,1120 ,https://b2b.mile-stone.jp/ja/products/000812535
キーホルダー・スタンド ,812543   ,4582615812545,A3エースリー                ,キャラアクリルフィギュア NARUTO & BORUTO 19 はたけカカシ 温泉Ver.描き下ろし                            ,予約可能 ,     ,2022年9月内  ,2022-07-18,                         ,1   ,1600 ,1120 ,https://b2b.mile-stone.jp/ja/products/000812543
キーホルダー・スタンド ,812550   ,4582615812552,A3エースリー                ,キャラアクリルフィギュア NARUTO & BORUTO 20 我愛羅 温泉Ver.描き下ろし                               ,予約可能 ,     ,2022年9月内  ,2022-07-18,                         ,1   ,1600 ,1120 ,https://b2b.mile-stone.jp/ja/products/000812550
キーホルダー・スタンド ,812567   ,4582615812569,A3エースリー                ,キャラアクリルフィギュア NARUTO & BORUTO 21 うちはイタチ 温泉Ver.描き下ろし                            ,予約可能 ,     ,2022年9月内  ,2022-07-18,                         ,1   ,1600 ,1120 ,https://b2b.mile-stone.jp/ja/products/000812567
キーホルダー・スタンド ,812574   ,4582615812576,A3エースリー                ,キャラアクリルフィギュア NARUTO & BORUTO 22 うずまきボルト 温泉Ver.描き下ろし                           ,予約可能 ,     ,2022年9月内  ,2022-07-18,                         ,1   ,1600 ,1120 ,https://b2b.mile-stone.jp/ja/products/000812574
キーホルダー・スタンド ,812581   ,4582615812583,A3エースリー                ,キャラアクリルフィギュア NARUTO & BORUTO 23 カワキ 温泉Ver.描き下ろし                               ,予約可能 ,     ,2022年9月内  ,2022-07-18,                         ,1   ,1600 ,1120 ,https://b2b.mile-stone.jp/ja/products/000812581
キーホルダー・スタンド ,829703   ,4582615829703,A3エースリー                ,キャラアクリルフィギュア トモダチゲーム 01 片切友一                                                  ,予約可能 ,     ,2022年8月内  ,2022-07-18,                         ,1   ,1600 ,1120 ,https://b2b.mile-stone.jp/ja/products/000829703
キーホルダー・スタンド ,829716   ,4582615829710,A3エースリー                ,キャラアクリルフィギュア トモダチゲーム 02 美笠天智                                                  ,予約可能 ,     ,2022年8月内  ,2022-07-18,                         ,1   ,1600 ,1120 ,https://b2b.mile-stone.jp/ja/products/000829716
キーホルダー・スタンド ,829723   ,4582615829727,A3エースリー                ,キャラアクリルフィギュア トモダチゲーム 03 沢良宜志法                                                 ,予約可能 ,     ,2022年8月内  ,2022-07-18,                         ,1   ,1600 ,1120 ,https://b2b.mile-stone.jp/ja/products/000829723
キーホルダー・スタンド ,829734   ,4582615829734,A3エースリー                ,キャラアクリルフィギュア トモダチゲーム 04 四部誠                                                   ,予約可能 ,     ,2022年8月内  ,2022-07-18,                         ,1   ,1600 ,1120 ,https://b2b.mile-stone.jp/ja/products/000829734
キーホルダー・スタンド ,829741   ,4582615829741,A3エースリー                ,キャラアクリルフィギュア トモダチゲーム 05 心木ゆとり                                                 ,予約可能 ,     ,2022年8月内  ,2022-07-18,                         ,1   ,1600 ,1120 ,https://b2b.mile-stone.jp/ja/products/000829741
文具          ,912590   ,4582615812590,A3エースリー                ,キャラクリアケース NARUTO & BORUTO 02 うずまきナルト 温泉Ver.描き下ろし                              ,予約可能 ,     ,2022年9月内  ,2022-07-18,                         ,3   ,800  ,560  ,https://b2b.mile-stone.jp/ja/products/000912590
文具          ,812600   ,4582615812606,A3エースリー                ,キャラクリアケース NARUTO & BORUTO 03 春野サクラ 温泉Ver.描き下ろし                                ,予約可能 ,     ,2022年9月内  ,2022-07-18,                         ,3   ,800  ,560  ,https://b2b.mile-stone.jp/ja/products/000812600
文具          ,812612   ,4582615812613,A3エースリー                ,キャラクリアケース NARUTO & BORUTO 04 うちはサスケ 温泉Ver.描き下ろし                               ,予約可能 ,     ,2022年9月内  ,2022-07-18,                         ,3   ,800  ,560  ,https://b2b.mile-stone.jp/ja/products/000812612
文具          ,812626   ,4582615812620,A3エースリー                ,キャラクリアケース NARUTO & BORUTO 05 はたけカカシ 温泉Ver.描き下ろし                               ,予約可能 ,     ,2022年9月内  ,2022-07-18,                         ,3   ,800  ,560  ,https://b2b.mile-stone.jp/ja/products/000812626
文具          ,812634   ,4582615812637,A3エースリー                ,キャラクリアケース NARUTO & BORUTO 06 我愛羅 温泉Ver.描き下ろし                                  ,予約可能 ,     ,2022年9月内  ,2022-07-18,                         ,3   ,800  ,560  ,https://b2b.mile-stone.jp/ja/products/000812634
文具          ,812642   ,4582615812644,A3エースリー                ,キャラクリアケース NARUTO & BORUTO 07 うちはイタチ 温泉Ver.描き下ろし                               ,予約可能 ,     ,2022年9月内  ,2022-07-18,                         ,3   ,800  ,560  ,https://b2b.mile-stone.jp/ja/products/000812642
文具          ,812650   ,4582615812651,A3エースリー                ,キャラクリアケース NARUTO & BORUTO 08 うずまきボルト 温泉Ver.描き下ろし                              ,予約可能 ,     ,2022年9月内  ,2022-07-18,                         ,3   ,800  ,560  ,https://b2b.mile-stone.jp/ja/products/000812650
文具          ,812665   ,4582615812668,A3エースリー                ,キャラクリアケース NARUTO & BORUTO 09 カワキ 温泉Ver.描き下ろし                                  ,予約可能 ,     ,2022年9月内  ,2022-07-18,                         ,3   ,800  ,560  ,https://b2b.mile-stone.jp/ja/products/000812665
文具          ,829758   ,4582615829758,A3エースリー                ,キャラクリアケース トモダチゲーム 01 キービジュアルデザイン                                              ,予約可能 ,     ,2022年8月内  ,2022-07-18,                         ,3   ,800  ,560  ,https://b2b.mile-stone.jp/ja/products/000829758
アパレル関連      ,829792   ,4582615829796,A3エースリー                ,キャラパス トモダチゲーム 01 集合デザイングラフアートデザイン                                             ,予約可能 ,     ,2022年8月内  ,2022-07-18,                         ,2   ,1380 ,966  ,https://b2b.mile-stone.jp/ja/products/000829792
アパレル関連      ,812853   ,4582615812859,A3エースリー                ,デカキャラミラー NARUTO-ナルト- 疾風伝 01 一枚絵Aグラフアートデザイン                                    ,予約可能 ,     ,2022年9月内  ,2022-07-18,                         ,2   ,1000 ,700  ,https://b2b.mile-stone.jp/ja/products/000812853
アパレル関連      ,812866   ,4582615812866,A3エースリー                ,デカキャラミラー NARUTO-ナルト- 疾風伝 02 一枚絵Bグラフアートデザイン                                    ,予約可能 ,     ,2022年9月内  ,2022-07-18,                         ,2   ,1000 ,700  ,https://b2b.mile-stone.jp/ja/products/000812866
コレクショントイ（雑貨）,446584   ,4934054046584,コトブキヤ                  ,トレーディングKIRAMEKIバッジ Paradox Live 2                                             ,予約可能 ,     ,2022年11月内 ,2022-08-03,180個C/T = 12BOX × 15個    ,15  ,700  ,490  ,https://b2b.mile-stone.jp/ja/products/000446584
キーホルダー・スタンド ,765129   ,4549743765129,ムービック                  ,ハイキュー!! TO THE TOP アクリルスタンド 佐久早                                               ,予約可能 ,     ,2022年10月内 ,2022-07-12,                         ,2   ,1200 ,900  ,https://b2b.mile-stone.jp/ja/products/000765129
キーホルダー・スタンド ,765105   ,4549743765105,ムービック                  ,ハイキュー!! TO THE TOP アクリルスタンド 北2022年10月版                                        ,予約可能 ,     ,2022年10月内 ,2022-07-12,                         ,2   ,1200 ,900  ,https://b2b.mile-stone.jp/ja/products/000765105
キーホルダー・スタンド ,765020   ,4549743765020,ムービック                  ,ハイキュー!! TO THE TOP アクリルスタンド 及川セカンドユニフォームVer.                                  ,予約可能 ,     ,2022年10月内 ,2022-07-12,                         ,2   ,1200 ,900  ,https://b2b.mile-stone.jp/ja/products/000765020
キーホルダー・スタンド ,765044   ,4549743765044,ムービック                  ,ハイキュー!! TO THE TOP アクリルスタンド 孤爪セカンドユニフォームVer.                                  ,予約可能 ,     ,2022年10月内 ,2022-07-12,                         ,2   ,1200 ,900  ,https://b2b.mile-stone.jp/ja/products/000765044
キーホルダー・スタンド ,765082   ,4549743765082,ムービック                  ,ハイキュー!! TO THE TOP アクリルスタンド 宮侑2022年10月版                                       ,予約可能 ,     ,2022年10月内 ,2022-07-12,                         ,2   ,1200 ,900  ,https://b2b.mile-stone.jp/ja/products/000765082
キーホルダー・スタンド ,765099   ,4549743765099,ムービック                  ,ハイキュー!! TO THE TOP アクリルスタンド 宮治2022年10月版                                       ,予約可能 ,     ,2022年10月内 ,2022-07-12,                         ,2   ,1200 ,900  ,https://b2b.mile-stone.jp/ja/products/000765099
キーホルダー・スタンド ,765037   ,4549743765037,ムービック                  ,ハイキュー!! TO THE TOP アクリルスタンド 岩泉セカンドユニフォームVer.                                  ,予約可能 ,     ,2022年10月内 ,2022-07-12,                         ,2   ,1200 ,900  ,https://b2b.mile-stone.jp/ja/products/000765037
キーホルダー・スタンド ,765006   ,4549743765006,ムービック                  ,ハイキュー!! TO THE TOP アクリルスタンド 影山セカンドユニフォームVer.                                  ,予約可能 ,     ,2022年10月内 ,2022-07-12,                         ,2   ,1200 ,900  ,https://b2b.mile-stone.jp/ja/products/000765006
キーホルダー・スタンド ,764993   ,4549743764993,ムービック                  ,ハイキュー!! TO THE TOP アクリルスタンド 日向セカンドユニフォームVer.                                  ,予約可能 ,     ,2022年10月内 ,2022-07-12,                         ,2   ,1200 ,900  ,https://b2b.mile-stone.jp/ja/products/000764993
キーホルダー・スタンド ,765013   ,4549743765013,ムービック                  ,ハイキュー!! TO THE TOP アクリルスタンド 月島セカンドユニフォームVer.                                  ,予約可能 ,     ,2022年10月内 ,2022-07-12,                         ,2   ,1200 ,900  ,https://b2b.mile-stone.jp/ja/products/000765013
キーホルダー・スタンド ,765068   ,4549743765068,ムービック                  ,ハイキュー!! TO THE TOP アクリルスタンド 木兎セカンドユニフォームVer.                                  ,予約可能 ,     ,2022年10月内 ,2022-07-12,                         ,2   ,1200 ,900  ,https://b2b.mile-stone.jp/ja/products/000765068
キーホルダー・スタンド ,765112   ,4549743765112,ムービック                  ,ハイキュー!! TO THE TOP アクリルスタンド 角名2022年10月版                                       ,予約可能 ,     ,2022年10月内 ,2022-07-12,                         ,2   ,1200 ,900  ,https://b2b.mile-stone.jp/ja/products/000765112
キーホルダー・スタンド ,765075   ,4549743765075,ムービック                  ,ハイキュー!! TO THE TOP アクリルスタンド 赤葦セカンドユニフォームVer.                                  ,予約可能 ,     ,2022年10月内 ,2022-07-12,                         ,2   ,1200 ,900  ,https://b2b.mile-stone.jp/ja/products/000765075
キーホルダー・スタンド ,765051   ,4549743765051,ムービック                  ,ハイキュー!! TO THE TOP アクリルスタンド 黒尾セカンドユニフォームVer.                                  ,予約可能 ,     ,2022年10月内 ,2022-07-12,                         ,2   ,1200 ,900  ,https://b2b.mile-stone.jp/ja/products/000765051
コレクショントイ（雑貨）,764955   ,4549743764955,ムービック                  ,ハイキュー!! TO THE TOP ダイカットシートコレクション                                             ,予約可能 ,     ,2022年10月内 ,2022-07-12,14パックBOX = 14パック         ,14  ,400  ,300  ,https://b2b.mile-stone.jp/ja/products/000764955
コレクショントイ（雑貨）,764986   ,4549743764986,ムービック                  ,ハイキュー!! TO THE TOP トレーディング缶バッジ 春高メンバー                                         ,予約可能 ,     ,2022年10月内 ,2022-07-12,10パックBOX = 10パック         ,10  ,400  ,300  ,https://b2b.mile-stone.jp/ja/products/000764986
コレクショントイ（雑貨）,764979   ,4549743764979,ムービック                  ,ハイキュー!! TO THE TOP トレーディング缶バッジ 県予選メンバー                                        ,予約可能 ,     ,2022年10月内 ,2022-07-12,8パックBOX = 8パック           ,8   ,400  ,300  ,https://b2b.mile-stone.jp/ja/products/000764979
コレクショントイ（雑貨）,764962   ,4549743764962,ムービック                  ,ハイキュー!! TO THE TOP トレーディング缶バッジ2022年10月版                                       ,予約可能 ,     ,2022年10月内 ,2022-07-12,14パックBOX = 14パック         ,14  ,400  ,300  ,https://b2b.mile-stone.jp/ja/products/000764962
ぬいぐるみ       ,753561   ,4549743753560,ムービック                  ,ハイキュー!! TO THE TOP パペット及川森                                                    ,予約可能 ,     ,2022年11月内 ,2022-07-12,                         ,1   ,3800 ,2850 ,https://b2b.mile-stone.jp/ja/products/000753561
ぬいぐるみ       ,753577   ,4549743753577,ムービック                  ,ハイキュー!! TO THE TOP パペット青根盾                                                    ,予約可能 ,     ,2022年11月内 ,2022-07-12,                         ,1   ,3800 ,2850 ,https://b2b.mile-stone.jp/ja/products/000753577
コレクショントイ（雑貨）,753607   ,4549743753607,ムービック                  ,ハイキュー!! TO THE TOP ピンズコレクション 春高メンバー                                           ,予約可能 ,     ,2022年11月内 ,2022-07-12,10パックBOX = 10パック         ,10  ,600  ,450  ,https://b2b.mile-stone.jp/ja/products/000753607
コレクショントイ（雑貨）,753591   ,4549743753591,ムービック                  ,ハイキュー!! TO THE TOP ピンズコレクション 県予選メンバー                                          ,予約可能 ,     ,2022年11月内 ,2022-07-12,8パックBOX = 8パック           ,8   ,600  ,450  ,https://b2b.mile-stone.jp/ja/products/000753591
バラエティーグッズ   ,753614   ,4549743753614,ムービック                  ,ハイキュー!! TO THE TOP フレークシール                                                    ,予約可能 ,     ,2022年10月内 ,2022-07-12,                         ,5   ,500  ,375  ,https://b2b.mile-stone.jp/ja/products/000753614
アパレル関連      ,753584   ,4549743753584,ムービック                  ,ハイキュー!! TO THE TOP 稲荷崎キツネミニタオル                                                ,予約可能 ,     ,2022年10月内 ,2022-07-12,                         ,5   ,600  ,450  ,https://b2b.mile-stone.jp/ja/products/000753584
ヲタ活         ,812769   ,4582615812767,A3エースリー                ,プレミアムポストカードホルダー NARUTO & BORUTO 01 コマ割りデザイン 温泉Ver.描き下ろし                       ,予約可能 ,     ,2022年9月内  ,2022-07-18,                         ,2   ,1500 ,1050 ,https://b2b.mile-stone.jp/ja/products/000812769
文具          ,812680   ,4582615812682,A3エースリー                ,レザーフセンブック NARUTO & BORUTO 01 うずまきナルト 温泉Ver.描き下ろし                              ,予約可能 ,     ,2022年9月内  ,2022-07-18,                         ,5   ,500  ,350  ,https://b2b.mile-stone.jp/ja/products/000812680
文具          ,812696   ,4582615812699,A3エースリー                ,レザーフセンブック NARUTO & BORUTO 02 春野サクラ 温泉Ver.描き下ろし                                ,予約可能 ,     ,2022年9月内  ,2022-07-18,                         ,5   ,500  ,350  ,https://b2b.mile-stone.jp/ja/products/000812696
文具          ,812701   ,4582615812705,A3エースリー                ,レザーフセンブック NARUTO & BORUTO 03 うちはサスケ 温泉Ver.描き下ろし                               ,予約可能 ,     ,2022年9月内  ,2022-07-18,                         ,5   ,500  ,350  ,https://b2b.mile-stone.jp/ja/products/000812701
文具          ,812714   ,4582615812712,A3エースリー                ,レザーフセンブック NARUTO & BORUTO 04 はたけカカシ 温泉Ver.描き下ろし                               ,予約可能 ,     ,2022年9月内  ,2022-07-18,                         ,5   ,500  ,350  ,https://b2b.mile-stone.jp/ja/products/000812714
文具          ,812726   ,4582615812729,A3エースリー                ,レザーフセンブック NARUTO & BORUTO 05 我愛羅 温泉Ver.描き下ろし                                  ,予約可能 ,     ,2022年9月内  ,2022-07-18,                         ,5   ,500  ,350  ,https://b2b.mile-stone.jp/ja/products/000812726
文具          ,812736   ,4582615812736,A3エースリー                ,レザーフセンブック NARUTO & BORUTO 06 うちはイタチ 温泉Ver.描き下ろし                               ,予約可能 ,     ,2022年9月内  ,2022-07-18,                         ,5   ,500  ,350  ,https://b2b.mile-stone.jp/ja/products/000812736
文具          ,812747   ,4582615812743,A3エースリー                ,レザーフセンブック NARUTO & BORUTO 07 うずまきボルト 温泉Ver.描き下ろし                              ,予約可能 ,     ,2022年9月内  ,2022-07-18,                         ,5   ,500  ,350  ,https://b2b.mile-stone.jp/ja/products/000812747
文具          ,812754   ,4582615812750,A3エースリー                ,レザーフセンブック NARUTO & BORUTO 08 カワキ 温泉Ver.描き下ろし                                  ,予約可能 ,     ,2022年9月内  ,2022-07-18,                         ,5   ,500  ,350  ,https://b2b.mile-stone.jp/ja/products/000812754
キーホルダー・スタンド ,294255   ,4580691294255,アルジャーノンプロダクト           ,傘っこ アクリルキーホルダー ラブライブ!サンシャイン!! 国木田花丸                                           ,予約可能 ,     ,2022年9月内  ,2022-07-25,                         ,3   ,800  ,560  ,https://b2b.mile-stone.jp/ja/products/000294255
キーホルダー・スタンド ,294262   ,4580691294262,アルジャーノンプロダクト           ,傘っこ アクリルキーホルダー ラブライブ!サンシャイン!! 小原鞠莉                                            ,予約可能 ,     ,2022年9月内  ,2022-07-25,                         ,3   ,800  ,560  ,https://b2b.mile-stone.jp/ja/products/000294262
キーホルダー・スタンド ,294217   ,4580691294217,アルジャーノンプロダクト           ,傘っこ アクリルキーホルダー ラブライブ!サンシャイン!! 松浦果南                                            ,予約可能 ,     ,2022年9月内  ,2022-07-25,                         ,3   ,800  ,560  ,https://b2b.mile-stone.jp/ja/products/000294217
キーホルダー・スタンド ,294200   ,4580691294200,アルジャーノンプロダクト           ,傘っこ アクリルキーホルダー ラブライブ!サンシャイン!! 桜内梨子                                            ,予約可能 ,     ,2022年9月内  ,2022-07-25,                         ,3   ,800  ,560  ,https://b2b.mile-stone.jp/ja/products/000294200
キーホルダー・スタンド ,294248   ,4580691294248,アルジャーノンプロダクト           ,傘っこ アクリルキーホルダー ラブライブ!サンシャイン!! 津島善子                                            ,予約可能 ,     ,2022年9月内  ,2022-07-25,                         ,3   ,800  ,560  ,https://b2b.mile-stone.jp/ja/products/000294248
キーホルダー・スタンド ,294231   ,4580691294231,アルジャーノンプロダクト           ,傘っこ アクリルキーホルダー ラブライブ!サンシャイン!! 渡辺曜                                             ,予約可能 ,     ,2022年9月内  ,2022-07-25,                         ,3   ,800  ,560  ,https://b2b.mile-stone.jp/ja/products/000294231
キーホルダー・スタンド ,294194   ,4580691294194,アルジャーノンプロダクト           ,傘っこ アクリルキーホルダー ラブライブ!サンシャイン!! 高海千歌                                            ,予約可能 ,     ,2022年9月内  ,2022-07-25,                         ,3   ,800  ,560  ,https://b2b.mile-stone.jp/ja/products/000294194
キーホルダー・スタンド ,294224   ,4580691294224,アルジャーノンプロダクト           ,傘っこ アクリルキーホルダー ラブライブ!サンシャイン!! 黒澤ダイヤ                                           ,予約可能 ,     ,2022年9月内  ,2022-07-25,                         ,3   ,800  ,560  ,https://b2b.mile-stone.jp/ja/products/000294224
キーホルダー・スタンド ,294279   ,4580691294279,アルジャーノンプロダクト           ,傘っこ アクリルキーホルダー ラブライブ!サンシャイン!! 黒澤ルビィ                                           ,予約可能 ,     ,2022年9月内  ,2022-07-25,                         ,3   ,800  ,560  ,https://b2b.mile-stone.jp/ja/products/000294279
キーホルダー・スタンド ,970939   ,4573547970939,コンテンツシード               ,名探偵コナン アクリルフィギュア PALE TONE series ウォッカ flower Ver.                            ,予約可能 ,     ,2022年9月内  ,2022-07-17,                         ,2   ,1400 ,910  ,https://b2b.mile-stone.jp/ja/products/000970939
キーホルダー・スタンド ,970922   ,4573547970922,コンテンツシード               ,名探偵コナン アクリルフィギュア PALE TONE series ジン flower Ver.                              ,予約可能 ,     ,2022年9月内  ,2022-07-17,                         ,2   ,1400 ,910  ,https://b2b.mile-stone.jp/ja/products/000970922
キーホルダー・スタンド ,970953   ,4573547970953,コンテンツシード               ,名探偵コナン アクリルフィギュア PALE TONE series バーボン flower Ver.                            ,予約可能 ,     ,2022年9月内  ,2022-07-17,                         ,2   ,1400 ,910  ,https://b2b.mile-stone.jp/ja/products/000970953
キーホルダー・スタンド ,970946   ,4573547970946,コンテンツシード               ,名探偵コナン アクリルフィギュア PALE TONE series ベルモット flower Ver.                           ,予約可能 ,     ,2022年9月内  ,2022-07-17,                         ,2   ,1400 ,910  ,https://b2b.mile-stone.jp/ja/products/000970946
キーホルダー・スタンド ,971011   ,4573547971011,コンテンツシード               ,名探偵コナン アクリルフィギュア PALE TONE series 三池苗子 flower Ver.                            ,予約可能 ,     ,2022年9月内  ,2022-07-17,                         ,2   ,1400 ,910  ,https://b2b.mile-stone.jp/ja/products/000971011
キーホルダー・スタンド ,970990   ,4573547970991,コンテンツシード               ,名探偵コナン アクリルフィギュア PALE TONE series 佐藤美和子 flower Ver.                           ,予約可能 ,     ,2022年9月内  ,2022-07-17,                         ,2   ,1400 ,910  ,https://b2b.mile-stone.jp/ja/products/000970990
キーホルダー・スタンド ,971004   ,4573547971004,コンテンツシード               ,名探偵コナン アクリルフィギュア PALE TONE series 千葉和伸 flower Ver.                            ,予約可能 ,     ,2022年9月内  ,2022-07-17,                         ,2   ,1400 ,910  ,https://b2b.mile-stone.jp/ja/products/000971004
キーホルダー・スタンド ,970915   ,4573547970915,コンテンツシード               ,名探偵コナン アクリルフィギュア PALE TONE series 安室透 flower Ver.                             ,予約可能 ,     ,2022年9月内  ,2022-07-17,                         ,2   ,1400 ,910  ,https://b2b.mile-stone.jp/ja/products/000970915
キーホルダー・スタンド ,970892   ,4573547970892,コンテンツシード               ,名探偵コナン アクリルフィギュア PALE TONE series 工藤新一 flower Ver.                            ,予約可能 ,     ,2022年9月内  ,2022-07-17,                         ,2   ,1400 ,910  ,https://b2b.mile-stone.jp/ja/products/000970892
キーホルダー・スタンド ,970960   ,4573547970960,コンテンツシード               ,名探偵コナン アクリルフィギュア PALE TONE series 松田陣平 flower Ver.                            ,予約可能 ,     ,2022年9月内  ,2022-07-17,                         ,2   ,1400 ,910  ,https://b2b.mile-stone.jp/ja/products/000970960
キーホルダー・スタンド ,971028   ,4573547971028,コンテンツシード               ,名探偵コナン アクリルフィギュア PALE TONE series 榎本梓 flower Ver.                             ,予約可能 ,     ,2022年9月内  ,2022-07-17,                         ,2   ,1400 ,910  ,https://b2b.mile-stone.jp/ja/products/000971028
キーホルダー・スタンド ,970908   ,4573547970908,コンテンツシード               ,名探偵コナン アクリルフィギュア PALE TONE series 毛利蘭 flower Ver.                             ,予約可能 ,     ,2022年9月内  ,2022-07-17,                         ,2   ,1400 ,910  ,https://b2b.mile-stone.jp/ja/products/000970908
キーホルダー・スタンド ,970885   ,4573547970885,コンテンツシード               ,名探偵コナン アクリルフィギュア PALE TONE series 江戸川コナン flower Ver.                          ,予約可能 ,     ,2022年9月内  ,2022-07-17,                         ,2   ,1400 ,910  ,https://b2b.mile-stone.jp/ja/products/000970885
キーホルダー・スタンド ,970977   ,4573547970977,コンテンツシード               ,名探偵コナン アクリルフィギュア PALE TONE series 風見裕也 flower Ver.                            ,予約可能 ,     ,2022年9月内  ,2022-07-17,                         ,2   ,1400 ,910  ,https://b2b.mile-stone.jp/ja/products/000970977
キーホルダー・スタンド ,970984   ,4573547970984,コンテンツシード               ,名探偵コナン アクリルフィギュア PALE TONE series 高木渉 flower Ver.                             ,予約可能 ,     ,2022年9月内  ,2022-07-17,                         ,2   ,1400 ,910  ,https://b2b.mile-stone.jp/ja/products/000970984
バッジ・マグネット   ,970793   ,4573547970793,コンテンツシード               ,名探偵コナン カンバッジ PALE TONE series ウォッカ flower Ver.                                ,予約可能 ,     ,2022年9月内  ,2022-07-17,                         ,5   ,600  ,390  ,https://b2b.mile-stone.jp/ja/products/000970793
バッジ・マグネット   ,970786   ,4573547970786,コンテンツシード               ,名探偵コナン カンバッジ PALE TONE series ジン flower Ver.                                  ,予約可能 ,     ,2022年9月内  ,2022-07-17,                         ,5   ,600  ,390  ,https://b2b.mile-stone.jp/ja/products/000970786
バッジ・マグネット   ,970809   ,4573547970809,コンテンツシード               ,名探偵コナン カンバッジ PALE TONE series ベルモット flower Ver.                               ,予約可能 ,     ,2022年9月内  ,2022-07-17,                         ,5   ,600  ,390  ,https://b2b.mile-stone.jp/ja/products/000970809
バッジ・マグネット   ,970860   ,4573547970861,コンテンツシード               ,名探偵コナン カンバッジ PALE TONE series 三池苗子 flower Ver.                                ,予約可能 ,     ,2022年9月内  ,2022-07-17,                         ,5   ,600  ,390  ,https://b2b.mile-stone.jp/ja/products/000970860
バッジ・マグネット   ,970847   ,4573547970847,コンテンツシード               ,名探偵コナン カンバッジ PALE TONE series 佐藤美和子 flower Ver.                               ,予約可能 ,     ,2022年9月内  ,2022-07-17,                         ,5   ,600  ,390  ,https://b2b.mile-stone.jp/ja/products/000970847
バッジ・マグネット   ,970854   ,4573547970854,コンテンツシード               ,名探偵コナン カンバッジ PALE TONE series 千葉和伸 flower Ver.                                ,予約可能 ,     ,2022年9月内  ,2022-07-17,                         ,5   ,600  ,390  ,https://b2b.mile-stone.jp/ja/products/000970854
バッジ・マグネット   ,970779   ,4573547970779,コンテンツシード               ,名探偵コナン カンバッジ PALE TONE series 安室透 flower Ver.                                 ,予約可能 ,     ,2022年9月内  ,2022-07-17,                         ,5   ,600  ,390  ,https://b2b.mile-stone.jp/ja/products/000970779
バッジ・マグネット   ,970755   ,4573547970755,コンテンツシード               ,名探偵コナン カンバッジ PALE TONE series 工藤新一 flower Ver.                                ,予約可能 ,     ,2022年9月内  ,2022-07-17,                         ,5   ,600  ,390  ,https://b2b.mile-stone.jp/ja/products/000970755
バッジ・マグネット   ,970816   ,4573547970816,コンテンツシード               ,名探偵コナン カンバッジ PALE TONE series 松田陣平 flower Ver.                                ,予約可能 ,     ,2022年9月内  ,2022-07-17,                         ,5   ,600  ,390  ,https://b2b.mile-stone.jp/ja/products/000970816
バッジ・マグネット   ,970877   ,4573547970878,コンテンツシード               ,名探偵コナン カンバッジ PALE TONE series 榎本梓 flower Ver.                                 ,予約可能 ,     ,2022年9月内  ,2022-07-17,                         ,5   ,600  ,390  ,https://b2b.mile-stone.jp/ja/products/000970877
バッジ・マグネット   ,970762   ,4573547970762,コンテンツシード               ,名探偵コナン カンバッジ PALE TONE series 毛利蘭 flower Ver.                                 ,予約可能 ,     ,2022年9月内  ,2022-07-17,                         ,5   ,600  ,390  ,https://b2b.mile-stone.jp/ja/products/000970762
バッジ・マグネット   ,970748   ,4573547970748,コンテンツシード               ,名探偵コナン カンバッジ PALE TONE series 江戸川コナン flower Ver.                              ,予約可能 ,     ,2022年9月内  ,2022-07-17,                         ,5   ,600  ,390  ,https://b2b.mile-stone.jp/ja/products/000970748
バッジ・マグネット   ,970823   ,4573547970823,コンテンツシード               ,名探偵コナン カンバッジ PALE TONE series 風見裕也 flower Ver.                                ,予約可能 ,     ,2022年9月内  ,2022-07-17,                         ,5   ,600  ,390  ,https://b2b.mile-stone.jp/ja/products/000970823
バッジ・マグネット   ,970830   ,4573547970830,コンテンツシード               ,名探偵コナン カンバッジ PALE TONE series 高木渉 flower Ver.                                 ,予約可能 ,     ,2022年9月内  ,2022-07-17,                         ,5   ,600  ,390  ,https://b2b.mile-stone.jp/ja/products/000970830
キーホルダー・スタンド ,956520   ,4573547956520,コンテンツシード               ,名探偵コナン デカアクリルスタンド PALE TONE series 伊達航 警察Ver.                                 ,予約可能 ,     ,2022年9月内  ,2022-07-17,                         ,1   ,1800 ,1170 ,https://b2b.mile-stone.jp/ja/products/000956520
キーホルダー・スタンド ,956452   ,4573547956452,コンテンツシード               ,名探偵コナン デカアクリルスタンド PALE TONE series 妃英理 警察Ver.                                 ,予約可能 ,     ,2022年9月内  ,2022-07-17,                         ,1   ,1800 ,1170 ,https://b2b.mile-stone.jp/ja/products/000956452
キーホルダー・スタンド ,956490   ,4573547956490,コンテンツシード               ,名探偵コナン デカアクリルスタンド PALE TONE series 松田陣平 警察Ver.                                ,予約可能 ,     ,2022年9月内  ,2022-07-17,                         ,1   ,1800 ,1170 ,https://b2b.mile-stone.jp/ja/products/000956490
キーホルダー・スタンド ,956445   ,4573547956445,コンテンツシード               ,名探偵コナン デカアクリルスタンド PALE TONE series 毛利小五郎 警察Ver.                               ,予約可能 ,     ,2022年9月内  ,2022-07-17,                         ,1   ,1800 ,1170 ,https://b2b.mile-stone.jp/ja/products/000956445
キーホルダー・スタンド ,956438   ,4573547956438,コンテンツシード               ,名探偵コナン デカアクリルスタンド PALE TONE series 江戸川コナン 警察Ver.                              ,予約可能 ,     ,2022年9月内  ,2022-07-17,                         ,1   ,1800 ,1170 ,https://b2b.mile-stone.jp/ja/products/000956438
キーホルダー・スタンド ,956476   ,4573547956476,コンテンツシード               ,名探偵コナン デカアクリルスタンド PALE TONE series 白鳥任三郎 警察Ver.                               ,予約可能 ,     ,2022年9月内  ,2022-07-17,                         ,1   ,1800 ,1170 ,https://b2b.mile-stone.jp/ja/products/000956476
キーホルダー・スタンド ,956513   ,4573547956513,コンテンツシード               ,名探偵コナン デカアクリルスタンド PALE TONE series 萩原研二 警察Ver.                                ,予約可能 ,     ,2022年9月内  ,2022-07-17,                         ,1   ,1800 ,1170 ,https://b2b.mile-stone.jp/ja/products/000956513
キーホルダー・スタンド ,956506   ,4573547956506,コンテンツシード               ,名探偵コナン デカアクリルスタンド PALE TONE series 諸伏景光 警察Ver.                                ,予約可能 ,     ,2022年9月内  ,2022-07-17,                         ,1   ,1800 ,1170 ,https://b2b.mile-stone.jp/ja/products/000956506
キーホルダー・スタンド ,956483   ,4573547956483,コンテンツシード               ,名探偵コナン デカアクリルスタンド PALE TONE series 降谷零 警察Ver.                                 ,予約可能 ,     ,2022年9月内  ,2022-07-17,                         ,1   ,1800 ,1170 ,https://b2b.mile-stone.jp/ja/products/000956483
キーホルダー・スタンド ,956469   ,4573547956469,コンテンツシード               ,名探偵コナン デカアクリルスタンド PALE TONE series 高木渉 警察Ver.                                 ,予約可能 ,     ,2022年9月内  ,2022-07-17,                         ,1   ,1800 ,1170 ,https://b2b.mile-stone.jp/ja/products/000956469
コレクショントイ（雑貨）,166013   ,4580546166010,"i-rights,LLC"         ,夢職人と忘れじの黒い妖精 アクリルキーホルダーコレクション シュヴァリエ&魔電遊戯&プリムスクラブ                             ,予約可能 ,     ,2022年8月内  ,2022-07-26,10パックBOX = 10パック         ,10  ,700  ,490  ,https://b2b.mile-stone.jp/ja/products/000166013
コレクショントイ（雑貨）,166032   ,4580546166034,"i-rights,LLC"         ,夢職人と忘れじの黒い妖精 アクリルキーホルダーコレクション ファタ・ミュジカ&ハウンドスイーパー                              ,予約可能 ,     ,2022年8月内  ,2022-07-26,8パックBOX = 8パック           ,8   ,700  ,490  ,https://b2b.mile-stone.jp/ja/products/000166032
コレクショントイ（雑貨）,165978   ,4580546165976,"i-rights,LLC"         ,夢職人と忘れじの黒い妖精 アクリルキーホルダーコレクション マギア・ゼミナール&ガストロノミー                               ,予約可能 ,     ,2022年8月内  ,2022-07-26,9パックBOX = 9パック           ,9   ,700  ,490  ,https://b2b.mile-stone.jp/ja/products/000165978
コレクショントイ（雑貨）,165993   ,4580546165990,"i-rights,LLC"         ,夢職人と忘れじの黒い妖精 アクリルキーホルダーコレクション 常花&虹の彼方                                         ,予約可能 ,     ,2022年8月内  ,2022-07-26,9パックBOX = 9パック           ,9   ,700  ,490  ,https://b2b.mile-stone.jp/ja/products/000165993
コレクショントイ（雑貨）,165950   ,4580546165952,"i-rights,LLC"         ,夢職人と忘れじの黒い妖精 アクリルキーホルダーコレクション 月渡り&夢紡ぎ                                         ,予約可能 ,     ,2022年8月内  ,2022-07-26,9パックBOX = 9パック           ,9   ,700  ,490  ,https://b2b.mile-stone.jp/ja/products/000165950
コレクショントイ（雑貨）,165912   ,4580546165914,"i-rights,LLC"         ,夢職人と忘れじの黒い妖精 缶バッジコレクション シュヴァリエ&魔電遊戯&プリムスクラブ                                   ,予約可能 ,     ,2022年8月内  ,2022-07-26,10パックBOX = 10パック         ,10  ,500  ,350  ,https://b2b.mile-stone.jp/ja/products/000165912
コレクショントイ（雑貨）,165938   ,4580546165938,"i-rights,LLC"         ,夢職人と忘れじの黒い妖精 缶バッジコレクション ファタ・ミュジカ&ハウンドスイーパー                                    ,予約可能 ,     ,2022年8月内  ,2022-07-26,8パックBOX = 8パック           ,8   ,500  ,350  ,https://b2b.mile-stone.jp/ja/products/000165938
コレクショントイ（雑貨）,265877   ,4580546165877,"i-rights,LLC"         ,夢職人と忘れじの黒い妖精 缶バッジコレクション マギア・ゼミナール&ガストロノミー                                     ,予約可能 ,     ,2022年8月内  ,2022-07-26,9パックBOX = 9パック           ,9   ,500  ,350  ,https://b2b.mile-stone.jp/ja/products/000265877
コレクショントイ（雑貨）,165899   ,4580546165891,"i-rights,LLC"         ,夢職人と忘れじの黒い妖精 缶バッジコレクション 常花&虹の彼方                                               ,予約可能 ,     ,2022年8月内  ,2022-07-26,9パックBOX = 9パック           ,9   ,500  ,350  ,https://b2b.mile-stone.jp/ja/products/000165899
コレクショントイ（雑貨）,165851   ,4580546165853,"i-rights,LLC"         ,夢職人と忘れじの黒い妖精 缶バッジコレクション 月渡り&夢紡ぎ                                               ,予約可能 ,     ,2022年8月内  ,2022-07-26,9パックBOX = 9パック           ,9   ,500  ,350  ,https://b2b.mile-stone.jp/ja/products/000165851
抱き枕・インテリア雑貨 ,698582   ,4573356698581,ブレンドリーム                ,宮坂みゆ B2タペストリー ティータイム りしぇちゃん Extra Edition                                     ,予約可能 ,     ,2022年7月内  ,2022-07-12,                         ,1   ,4600 ,3450 ,https://b2b.mile-stone.jp/ja/products/000698582
コレクショントイ（雑貨）,541734   ,4580759541734,アルマビアンカ                ,家庭教師ヒットマンREBORN! トレーディング Ani-Art ミニ色紙 Vol.1                                   ,予約可能 ,     ,2022年10月内 ,2022-08-03,8個BOX = 8個               ,8   ,530  ,345  ,https://b2b.mile-stone.jp/ja/products/000541734
コレクショントイ（雑貨）,541759   ,4580759541758,アルマビアンカ                ,家庭教師ヒットマンREBORN! トレーディング Ani-Art ミニ色紙 Vol.2                                   ,予約可能 ,     ,2022年10月内 ,2022-08-03,13個BOX = 13個             ,13  ,530  ,345  ,https://b2b.mile-stone.jp/ja/products/000541759
コレクショントイ（雑貨）,560506   ,4580759560506,アルマビアンカ                ,家庭教師ヒットマンREBORN! 描き下ろしイラスト 王子衣装Ver. トレーディングアクリルキーホルダー                         ,予約可能 ,     ,2022年10月内 ,2022-08-03,8個BOX = 8個               ,8   ,650  ,423  ,https://b2b.mile-stone.jp/ja/products/000560506
コレクショントイ（雑貨）,560637   ,4580759560636,アルマビアンカ                ,家庭教師ヒットマンREBORN! 描き下ろしイラスト 王子衣装Ver. トレーディングアクリルスタンド                           ,予約可能 ,     ,2022年10月内 ,2022-08-03,8個BOX = 8個               ,8   ,800  ,520  ,https://b2b.mile-stone.jp/ja/products/000560637
コレクショントイ（雑貨）,560416   ,4580759560414,アルマビアンカ                ,家庭教師ヒットマンREBORN! 描き下ろしイラスト 王子衣装Ver. トレーディングミニ色紙                               ,予約可能 ,     ,2022年10月内 ,2022-08-03,8個BOX = 8個               ,8   ,500  ,325  ,https://b2b.mile-stone.jp/ja/products/000560416
コレクショントイ（雑貨）,560594   ,4580759560599,アルマビアンカ                ,家庭教師ヒットマンREBORN! 描き下ろしイラスト 王子衣装Ver. トレーディング缶バッジ                               ,予約可能 ,     ,2022年10月内 ,2022-08-03,8個BOX = 8個               ,8   ,400  ,260  ,https://b2b.mile-stone.jp/ja/products/000560594
抱き枕・インテリア雑貨 ,698742   ,4573356698741,ブレンドリーム                ,狗神煌 B2タペストリー Rose Afternoon Tea                                               ,予約可能 ,     ,2022年7月内  ,2022-07-12,                         ,1   ,4600 ,3450 ,https://b2b.mile-stone.jp/ja/products/000698742
コレクショントイ（雑貨）,812492   ,4582615812491,A3エースリー                ,缶バッジ NARUTO & BORUTO 03 温泉Ver.描き下ろし                                           ,予約可能 ,     ,2022年9月内  ,2022-07-18,8個BOX = 8個               ,8   ,480  ,336  ,https://b2b.mile-stone.jp/ja/products/000812492
コレクショントイ（雑貨）,812781   ,4582615812781,A3エースリー                ,缶バッジ NARUTO-ナルト- 疾風伝 06 グラフアートデザイン                                            ,予約可能 ,     ,2022年9月内  ,2022-07-18,9個BOX = 9個               ,9   ,480  ,336  ,https://b2b.mile-stone.jp/ja/products/000812781
コレクショントイ（雑貨）,812795   ,4582615812798,A3エースリー                ,缶バッジ NARUTO-ナルト- 疾風伝 07 グラフアートデザイン                                            ,予約可能 ,     ,2022年9月内  ,2022-07-18,8個BOX = 8個               ,8   ,480  ,336  ,https://b2b.mile-stone.jp/ja/products/000812795
コレクショントイ（雑貨）,829695   ,4582615829697,A3エースリー                ,缶バッジ トモダチゲーム 01                                                               ,予約可能 ,     ,2022年8月内  ,2022-07-18,10個BOX = 10個             ,10  ,480  ,336  ,https://b2b.mile-stone.jp/ja/products/000829695
コレクショントイ（雑貨）,829763   ,4582615829765,A3エースリー                ,缶バッジ トモダチゲーム 02 グラフアートデザイン                                                    ,予約可能 ,     ,2022年8月内  ,2022-07-18,7個BOX = 7個               ,7   ,480  ,336  ,https://b2b.mile-stone.jp/ja/products/000829763
コレクショントイ（雑貨）,829800   ,4582615829802,A3エースリー                ,缶バッジ トモダチゲーム 03 ミニキャラ                                                         ,予約可能 ,     ,2022年8月内  ,2022-07-18,6個BOX = 6個               ,6   ,480  ,336  ,https://b2b.mile-stone.jp/ja/products/000829800
コレクショントイ（雑貨）,511713   ,4580759511713,アルマビアンカ                ,進撃の巨人 トレーディング Ani-Art BLACK LABEL スタンド付き色紙 Ver.A                              ,予約可能 ,     ,2022年10月内 ,2022-08-03,8個BOX = 8個               ,8   ,750  ,488  ,https://b2b.mile-stone.jp/ja/products/000511713
コレクショントイ（雑貨）,511737   ,4580759511737,アルマビアンカ                ,進撃の巨人 トレーディング Ani-Art BLACK LABEL スタンド付き色紙 Ver.B                              ,予約可能 ,     ,2022年10月内 ,2022-08-03,8個BOX = 8個               ,8   ,750  ,488  ,https://b2b.mile-stone.jp/ja/products/000511737
コレクショントイ（雑貨）,511652   ,4580759511652,アルマビアンカ                ,進撃の巨人 トレーディング Ani-Art BLACK LABEL スティックアクリルキーホルダー Ver.A                       ,予約可能 ,     ,2022年10月内 ,2022-08-03,8個BOX = 8個               ,8   ,680  ,442  ,https://b2b.mile-stone.jp/ja/products/000511652
コレクショントイ（雑貨）,511676   ,4580759511676,アルマビアンカ                ,進撃の巨人 トレーディング Ani-Art BLACK LABEL スティックアクリルキーホルダー Ver.B                       ,予約可能 ,     ,2022年10月内 ,2022-08-03,8個BOX = 8個               ,8   ,680  ,442  ,https://b2b.mile-stone.jp/ja/products/000511676
コレクショントイ（雑貨）,511614   ,4580759511614,アルマビアンカ                ,進撃の巨人 トレーディング Ani-Art BLACK LABEL 缶バッジ Ver.A                                  ,予約可能 ,     ,2022年10月内 ,2022-08-03,8個BOX = 8個               ,8   ,430  ,280  ,https://b2b.mile-stone.jp/ja/products/000511614
コレクショントイ（雑貨）,511638   ,4580759511638,アルマビアンカ                ,進撃の巨人 トレーディング Ani-Art BLACK LABEL 缶バッジ Ver.B                                  ,予約可能 ,     ,2022年10月内 ,2022-08-03,8個BOX = 8個               ,8   ,430  ,280  ,https://b2b.mile-stone.jp/ja/products/000511638
コレクショントイ（雑貨）,549006   ,4580759549006,アルマビアンカ                ,青春ブタ野郎はバニーガール先輩の夢を見ない 描き下ろしイラスト ひまわりと白いワンピースVer. トレーディングアクリルスタンド              ,予約可能 ,     ,2022年10月内 ,2022-08-03,12個BOX = 12個             ,12  ,800  ,520  ,https://b2b.mile-stone.jp/ja/products/000549006
コレクショントイ（雑貨）,551349   ,4580759551344,アルマビアンカ                ,青春ブタ野郎はバニーガール先輩の夢を見ない 描き下ろしイラスト ひまわりと白いワンピースVer. トレーディングスタンド付き色紙              ,予約可能 ,     ,2022年10月内 ,2022-08-03,12個BOX = 12個             ,12  ,750  ,488  ,https://b2b.mile-stone.jp/ja/products/000551349
コレクショントイ（雑貨）,546401   ,4580759546401,アルマビアンカ                ,青春ブタ野郎はバニーガール先輩の夢を見ない 描き下ろしイラスト チャイナドレスVer. トレーディングアクリルキーホルダー                 ,予約可能 ,     ,2022年10月内 ,2022-08-03,12個BOX = 12個             ,12  ,650  ,423  ,https://b2b.mile-stone.jp/ja/products/000546401
コレクショントイ（雑貨）,546449   ,4580759546449,アルマビアンカ                ,青春ブタ野郎はバニーガール先輩の夢を見ない 描き下ろしイラスト チャイナドレスVer. トレーディングアクリルスタンド                   ,予約可能 ,     ,2022年10月内 ,2022-08-03,12個BOX = 12個             ,12  ,800  ,520  ,https://b2b.mile-stone.jp/ja/products/000546449
コレクショントイ（雑貨）,546425   ,4580759546425,アルマビアンカ                ,青春ブタ野郎はバニーガール先輩の夢を見ない 描き下ろしイラスト チャイナドレスVer. トレーディングミニ色紙                       ,予約可能 ,     ,2022年10月内 ,2022-08-03,12個BOX = 12個             ,12  ,500  ,325  ,https://b2b.mile-stone.jp/ja/products/000546425
コレクショントイ（雑貨）,566515   ,4580759566515,アルマビアンカ                ,青春ブタ野郎はバニーガール先輩の夢を見ない 描き下ろしイラスト チャイナドレスVer. トレーディング缶バッジ                       ,予約可能 ,     ,2022年10月内 ,2022-08-03,12個BOX = 12個             ,12  ,400  ,260  ,https://b2b.mile-stone.jp/ja/products/000566515
フィギュア・ドール   ,500506011,6973714506011,COME4ARTS              ,001_COME4ARTS 街角のバーシリーズ マーリン 1/9スケール可動フィギュア                                   ,予約可能 ,     ,2022年8月内  ,2022-07-26,24個C/T = 24個             ,1   ,7200 ,5400 ,https://b2b.mile-stone.jp/ja/products/500506011
フィギュア・ドール   ,500506028,6973714506028,COME4ARTS              ,002_COME4ARTS 街角のバーシリーズ モン 1/9スケール可動フィギュア                                     ,予約可能 ,     ,2022年8月内  ,2022-07-26,24個C/T = 24個             ,1   ,6800 ,5100 ,https://b2b.mile-stone.jp/ja/products/500506028
フィギュア・ドール   ,500506035,6973714506035,COME4ARTS              ,003_COME4ARTS 街角のバーシリーズ ミスターY 1/9スケール可動フィギュア                                  ,予約可能 ,     ,2022年8月内  ,2022-07-26,24個C/T = 24個             ,1   ,6800 ,5100 ,https://b2b.mile-stone.jp/ja/products/500506035
フィギュア・ドール   ,500506042,6973714506042,COME4ARTS              ,004_COME4ARTS 街角のバーシリーズ マーシャル 1/9スケール可動フィギュア                                  ,予約可能 ,     ,2022年8月内  ,2022-07-26,24個C/T = 24個             ,1   ,6800 ,5100 ,https://b2b.mile-stone.jp/ja/products/500506042
プラモデル・模型    ,500330219,6972954330219,CREATIVE FIELD         ,005_NUMBER 57 アーマードパペット 狩牙ハンティング・ファング 1/24スケール プラスチックモデルキット                   ,予約可能 ,     ,2022年8月内  ,2022-07-19,24個C/T = 24個             ,1   ,3400 ,2210 ,https://b2b.mile-stone.jp/ja/products/500330219
フィギュア・ドール   ,500350262,6974422350262,蔵道模型 ZEN Of Collectible,006_ZEN Of Collectible蔵道模型 CD-06 阿修羅 合金可動フィギュア                                ,予約可能 ,     ,2022年12月内 ,2022-07-26,6個C/T = 6個               ,1   ,28000,22400,https://b2b.mile-stone.jp/ja/products/500350262
カプセル        ,787358   ,4549660787358,バンダイ                   ,200円カプセル PUI PUI モルカー ラバーマグネット仮                                               ,予約問合せ,     ,2022年10月内 ,2022-07-06,300個C/T = 6袋 × 50個       ,50  ,182  ,106  ,https://b2b.mile-stone.jp/ja/products/000787358
カプセル        ,778318   ,4549660778318,バンダイ                   ,200円カプセル ★掛高★それいけ!アンパンマン いたずらいっぱいアンパンマン8                                      ,予約問合せ,     ,2022年10月内 ,2022-07-06,300個C/T = 6袋 × 50個       ,50  ,182  ,116  ,https://b2b.mile-stone.jp/ja/products/000778318
カプセル        ,772354   ,4549660772354,バンダイ                   ,200円カプセル サンリオキャラクターズ はさむんです。でらっくす4                                            ,予約問合せ,     ,2022年10月内 ,2022-07-06,300個C/T = 6袋 × 50個       ,50  ,182  ,106  ,https://b2b.mile-stone.jp/ja/products/000772354
カプセル        ,771976   ,4549660771975,バンダイ                   ,200円カプセル ワンワンとうーたん おっきな!エアーフレンズ -ピクニック-                                       ,予約問合せ,     ,2022年10月内 ,2022-07-06,300個C/T = 6袋 × 50個       ,50  ,182  ,106  ,https://b2b.mile-stone.jp/ja/products/000771976
カプセル        ,791456   ,4549660791454,バンダイ                   ,200円カプセル 暴太郎戦隊ドンブラザーズ GPアバタロウギア05                                             ,予約問合せ,     ,2022年10月内 ,2022-07-06,300個C/T = 6袋 × 50個       ,50  ,182  ,106  ,https://b2b.mile-stone.jp/ja/products/000791456
カプセル        ,696452   ,4549660696452,バンダイ                   ,200円カプセル 雪印メグミルク ミニチュアチャーム-パック飲料シリーズ-                                         ,予約問合せ,     ,2022年10月内 ,2022-07-06,300個C/T = 6袋 × 50個       ,50  ,182  ,106  ,https://b2b.mile-stone.jp/ja/products/000696452
抱き枕・インテリア雑貨 ,200903   ,4582439200900,クロスワールドコネクションズ         ,2023ブライス卓上カレンダー ビューティフルビューティー                                                 ,予約可能 ,     ,2022年7月23日,2022-07-11,                         ,1   ,1580 ,869  ,https://b2b.mile-stone.jp/ja/products/000200903
抱き枕・インテリア雑貨 ,200894   ,4582439200894,クロスワールドコネクションズ         ,2023ブライス壁掛けカレンダー ビューティフルビューティー                                                ,予約可能 ,     ,2022年7月23日,2022-07-11,                         ,1   ,1680 ,924  ,https://b2b.mile-stone.jp/ja/products/000200894
カプセル        ,772255   ,4549660772255,バンダイ                   ,300円カプセル 仮モスバーガー ミニチュアチャーム                                                    ,予約問合せ,     ,2022年10月内 ,2022-07-06,200個C/T = 5袋 × 40個       ,40  ,273  ,169  ,https://b2b.mile-stone.jp/ja/products/000772255
カプセル        ,774038   ,4549660774037,バンダイ                   ,300円カプセル BLEACH 千年血戦篇 カプセルラバーマスコット                                            ,予約問合せ,     ,2022年10月内 ,2022-07-06,200個C/T = 5袋 × 40個       ,40  ,273  ,169  ,https://b2b.mile-stone.jp/ja/products/000774038
カプセル        ,778776   ,4549660778776,バンダイ                   ,300円カプセル MOOMIN ふらっとならぶんです。                                                   ,予約問合せ,     ,2022年10月内 ,2022-07-06,200個C/T = 5袋 × 40個       ,40  ,273  ,169  ,https://b2b.mile-stone.jp/ja/products/000778776
カプセル        ,763032   ,4549660763031,バンダイ                   ,300円カプセル ONE PIECE ワンピ飯 フィギュアコレクション2                                          ,予約問合せ,     ,2022年10月内 ,2022-07-06,200個C/T = 5袋 × 40個       ,40  ,273  ,169  ,https://b2b.mile-stone.jp/ja/products/000763032
カプセル        ,762271   ,4549660762270,バンダイ                   ,300円カプセル Ringcolle! どんぶりんぐ                                                    ,予約問合せ,     ,2022年10月内 ,2022-07-06,200個C/T = 5袋 × 40個       ,40  ,273  ,169  ,https://b2b.mile-stone.jp/ja/products/000762271
カプセル        ,763574   ,4549660763574,バンダイ                   ,300円カプセル Ringcolle! ミスタードーナツ                                                  ,予約問合せ,     ,2022年10月内 ,2022-07-06,200個C/T = 5袋 × 40個       ,40  ,273  ,169  ,https://b2b.mile-stone.jp/ja/products/000763574
カプセル        ,778059   ,4549660778059,バンダイ                   ,300円カプセル SPY×FAMILY カプセルラバーマスコット3                                             ,予約問合せ,     ,2022年10月内 ,2022-07-06,200個C/T = 5袋 × 40個       ,40  ,273  ,169  ,https://b2b.mile-stone.jp/ja/products/000778059
カプセル        ,772033   ,4549660772033,バンダイ                   ,300円カプセル miffy バルーンチャーム                                                       ,予約問合せ,     ,2022年10月内 ,2022-07-06,200個C/T = 5袋 × 40個       ,40  ,273  ,169  ,https://b2b.mile-stone.jp/ja/products/000772033
カプセル        ,778295   ,4549660778295,バンダイ                   ,300円カプセル ★掛高★それいけ!アンパンマン てころがしポップンカー                                          ,予約問合せ,     ,2022年10月内 ,2022-07-06,200個C/T = 5袋 × 40個       ,40  ,273  ,186  ,https://b2b.mile-stone.jp/ja/products/000778295
カプセル        ,779254   ,4549660779254,バンダイ                   ,300円カプセル うみのどうぶつぺんたて                                                          ,予約問合せ,     ,2022年10月内 ,2022-07-06,200個C/T = 5袋 × 40個       ,40  ,273  ,169  ,https://b2b.mile-stone.jp/ja/products/000779254
カプセル        ,782599   ,4549660782599,バンダイ                   ,300円カプセル うる星やつら ぐっずこれくしょん                                                     ,予約問合せ,     ,2022年10月内 ,2022-07-06,200個C/T = 5袋 × 40個       ,40  ,273  ,169  ,https://b2b.mile-stone.jp/ja/products/000782599
カプセル        ,775591   ,4549660775591,バンダイ                   ,300円カプセル お文具といっしょ カプセルラバーマスコット-スイーツなのです-                                      ,予約問合せ,     ,2022年10月内 ,2022-07-06,200個C/T = 5袋 × 40個       ,40  ,273  ,169  ,https://b2b.mile-stone.jp/ja/products/000775591
カプセル        ,774754   ,4549660774754,バンダイ                   ,300円カプセル しゅごキャラ! ダイキャストプレート Amulet Charm Collection                           ,予約問合せ,     ,2022年10月内 ,2022-07-06,200個C/T = 5袋 × 40個       ,40  ,273  ,169  ,https://b2b.mile-stone.jp/ja/products/000774754
カプセル        ,775011   ,4549660775010,バンダイ                   ,300円カプセル すみっコぐらし カプキャラ すみっコぐらし7                                               ,予約問合せ,     ,2022年10月内 ,2022-07-06,200個C/T = 5袋 × 40個       ,40  ,273  ,169  ,https://b2b.mile-stone.jp/ja/products/000775011
